{
  "best_score": 0.36226528528127544,
  "best_params": {
    "diversity_lambda": 0.24776792536583894,
    "neg_weight": 0.5225258822434007,
    "knn_k": 4,
    "classifier_k_feat": 2,
    "classifier_neg_sample_weight": 1.2494734612200529
  },
  "final_metrics": {
    "mrr": 0.5,
    "mean_rank": 81.51351351351352,
    "median_rank": 54.0,
    "ndcg@10": 0.5072380780124418,
    "recall@10": 0.13513513513513514,
    "precision@10": 0.5,
    "map@10": 0.355,
    "hit@10": 1.0,
    "ndcg@20": 0.43482426155735676,
    "recall@20": 0.21621621621621623,
    "precision@20": 0.4,
    "map@20": 0.2481060606060606,
    "hit@20": 1.0,
    "ndcg@30": 0.4046755803369642,
    "recall@30": 0.2972972972972973,
    "precision@30": 0.36666666666666664,
    "map@30": 0.20700307422046554,
    "hit@30": 1.0,
    "ndcg@50": 0.4787018004967713,
    "recall@50": 0.4864864864864865,
    "precision@50": 0.36,
    "map@50": 0.24312368462311645,
    "hit@50": 1.0
  },
  "n_trials": 250,
  "cv_folds": 5
}