{
  "best_score": 0.1832580596970031,
  "best_params": {
    "diversity_lambda": 0.3830533095430089,
    "neg_weight": 0.34450649760366575,
    "knn_k": 2,
    "adaptive_hn_min": 0.05707726373383463,
    "freshness_half_life": 98.07339187819274,
    "hn_threshold_young": 7.911991353681638,
    "hn_score_cap": 1462.106981035529,
    "classifier_k_feat": 7,
    "classifier_neg_sample_weight": 1.4439413290617715
  },
  "final_metrics": {
    "mrr": 0.14285714285714285,
    "mean_rank": 64.94594594594595,
    "median_rank": 46.0,
    "ndcg@10": 0.20641593223508903,
    "recall@10": 0.08108108108108109,
    "precision@10": 0.3,
    "map@10": 0.06928571428571428,
    "hit@10": 1.0,
    "ndcg@20": 0.24139252040508177,
    "recall@20": 0.16216216216216217,
    "precision@20": 0.3,
    "map@20": 0.08583333333333333,
    "hit@20": 1.0,
    "ndcg@30": 0.27838713274733073,
    "recall@30": 0.2702702702702703,
    "precision@30": 0.3333333333333333,
    "map@30": 0.10205050505050504,
    "hit@30": 1.0,
    "ndcg@50": 0.43632169741898846,
    "recall@50": 0.5675675675675675,
    "precision@50": 0.42,
    "map@50": 0.196821581594825,
    "hit@50": 1.0
  },
  "n_trials": 6,
  "cv_folds": 3,
  "std_penalty": 0.25,
  "completed_trial_count": 6,
  "top_trials_limit": 50,
  "top_trials": [
    {
      "number": 0,
      "value": 0.1832580596970031,
      "params": {
        "diversity_lambda": 0.3830533095430089,
        "neg_weight": 0.34450649760366575,
        "knn_k": 2,
        "adaptive_hn_min": 0.05707726373383463,
        "freshness_half_life": 98.07339187819274,
        "hn_threshold_young": 7.911991353681638,
        "hn_score_cap": 1462.106981035529,
        "classifier_k_feat": 7,
        "classifier_neg_sample_weight": 1.4439413290617715
      },
      "cv_metrics": {
        "mrr": 0.24761904761904763,
        "mrr_std": 0.1793159084167879,
        "mean_rank": 96.55555555555556,
        "mean_rank_std": 6.648387639199312,
        "median_rank": 82.33333333333333,
        "median_rank_std": 6.847546194724712,
        "ndcg@10": 0.11509279203621452,
        "ndcg@10_std": 0.06602289662808666,
        "recall@10": 0.021164021164021163,
        "recall@10_std": 0.007482611441127487,
        "precision@10": 0.13333333333333333,
        "precision@10_std": 0.047140452079103175,
        "map@10": 0.033095238095238094,
        "map@10_std": 0.029682751887875697,
        "hit@10": 1.0,
        "hit@10_std": 0.0,
        "ndcg@30": 0.2788950509441462,
        "ndcg@30_std": 0.08612276519927071,
        "recall@30": 0.164021164021164,
        "recall@30_std": 0.04906676452643229,
        "precision@30": 0.3444444444444444,
        "precision@30_std": 0.10304020550550783,
        "map@30": 0.10199131285092833,
        "map@30_std": 0.04872541227810802,
        "hit@30": 1.0,
        "hit@30_std": 0.0,
        "ndcg@50": 0.28494182009623475,
        "ndcg@50_std": 0.0723277362702187,
        "recall@50": 0.25925925925925924,
        "recall@50_std": 0.06523189421131192,
        "precision@50": 0.32666666666666666,
        "precision@50_std": 0.08219218670625301,
        "map@50": 0.10389110740257751,
        "map@50_std": 0.046028336706234275,
        "hit@50": 1.0,
        "hit@50_std": 0.0
      }
    },
    {
      "number": 4,
      "value": 0.17503798444699634,
      "params": {
        "diversity_lambda": 0.3853308196891868,
        "neg_weight": 0.38560775447563944,
        "knn_k": 1,
        "adaptive_hn_min": 0.059434033551443555,
        "freshness_half_life": 89.27769040041295,
        "hn_threshold_young": 5.824239000010979,
        "hn_score_cap": 1577.8217914461018,
        "classifier_k_feat": 8,
        "classifier_neg_sample_weight": 1.6043079500823314
      },
      "cv_metrics": {
        "mrr": 0.16960784313725488,
        "mrr_std": 0.08095213864056085,
        "mean_rank": 95.94179894179894,
        "mean_rank_std": 14.376562006244665,
        "median_rank": 83.33333333333333,
        "median_rank_std": 13.59738536958076,
        "ndcg@10": 0.15491522774164537,
        "ndcg@10_std": 0.10986053627162888,
        "recall@10": 0.031746031746031744,
        "recall@10_std": 0.022447834323382456,
        "precision@10": 0.19999999999999998,
        "precision@10_std": 0.1414213562373095,
        "map@10": 0.05813492063492063,
        "map@10_std": 0.041707274241021455,
        "hit@10": 0.6666666666666666,
        "hit@10_std": 0.4714045207910317,
        "ndcg@30": 0.2613763591360705,
        "ndcg@30_std": 0.1182655096445952,
        "recall@30": 0.14814814814814814,
        "recall@30_std": 0.05986089152901989,
        "precision@30": 0.3111111111111111,
        "precision@30_std": 0.1257078722109418,
        "map@30": 0.10461489746336783,
        "map@30_std": 0.06499154925793167,
        "hit@30": 1.0,
        "hit@30_std": 0.0,
        "ndcg@50": 0.30618236200006105,
        "ndcg@50_std": 0.09770488443425462,
        "recall@50": 0.2804232804232804,
        "recall@50_std": 0.07482611441127486,
        "precision@50": 0.35333333333333333,
        "precision@50_std": 0.09428090415820632,
        "map@50": 0.12190740988377917,
        "map@50_std": 0.06196653691150552,
        "hit@50": 1.0,
        "hit@50_std": 0.0
      }
    },
    {
      "number": 3,
      "value": 0.15491718993991543,
      "params": {
        "diversity_lambda": 0.37216451252574745,
        "neg_weight": 0.342084503050146,
        "knn_k": 2,
        "adaptive_hn_min": 0.04683282015491877,
        "freshness_half_life": 90.84983126469062,
        "hn_threshold_young": 7.2705282014913575,
        "hn_score_cap": 1363.9925633465373,
        "classifier_k_feat": 8,
        "classifier_neg_sample_weight": 1.2877716957841185
      },
      "cv_metrics": {
        "mrr": 0.13425925925925927,
        "mrr_std": 0.023606571822188817,
        "mean_rank": 96.5079365079365,
        "mean_rank_std": 3.272331717122369,
        "median_rank": 82.33333333333333,
        "median_rank_std": 1.247219128924647,
        "ndcg@10": 0.1137750969225817,
        "ndcg@10_std": 0.025048796329948202,
        "recall@10": 0.026455026455026454,
        "recall@10_std": 0.007482611441127487,
        "precision@10": 0.16666666666666666,
        "precision@10_std": 0.047140452079103175,
        "map@10": 0.02675925925925926,
        "map@10_std": 0.007159030288917669,
        "hit@10": 1.0,
        "hit@10_std": 0.0,
        "ndcg@30": 0.22264805036837043,
        "ndcg@30_std": 0.043217395797796404,
        "recall@30": 0.13227513227513227,
        "recall@30_std": 0.02697893922535865,
        "precision@30": 0.27777777777777773,
        "precision@30_std": 0.05665577237325315,
        "map@30": 0.06760344582614948,
        "map@30_std": 0.022225478687746356,
        "hit@30": 1.0,
        "hit@30_std": 0.0,
        "ndcg@50": 0.2688618073609921,
        "ndcg@50_std": 0.0465076090869872,
        "recall@50": 0.25396825396825395,
        "recall@50_std": 0.04489566864676491,
        "precision@50": 0.32,
        "precision@50_std": 0.0565685424949238,
        "map@50": 0.08882134959831295,
        "map@50_std": 0.02688198176694739,
        "hit@50": 1.0,
        "hit@50_std": 0.0
      }
    },
    {
      "number": 1,
      "value": 0.14990887242780074,
      "params": {
        "diversity_lambda": 0.3629797285585869,
        "neg_weight": 0.4373843946409953,
        "knn_k": 2,
        "adaptive_hn_min": 0.05919478821737378,
        "freshness_half_life": 89.09018370288926,
        "hn_threshold_young": 6.260765051295411,
        "hn_score_cap": 1191.3090548715506,
        "classifier_k_feat": 8,
        "classifier_neg_sample_weight": 1.4965211351682401
      },
      "cv_metrics": {
        "mrr": 0.18253968253968253,
        "mrr_std": 0.11054276410463586,
        "mean_rank": 99.37566137566137,
        "mean_rank_std": 2.9455554410316287,
        "median_rank": 82.66666666666667,
        "median_rank_std": 8.379870059984357,
        "ndcg@10": 0.08322134290092971,