{
  "best_score": 0.3749745050617904,
  "best_params": {
    "diversity_lambda": 0.24001677514729347,
    "neg_weight": 0.3545287410319948,
    "knn_k": 4,
    "adaptive_hn_min": 0.0014652112684515777,
    "freshness_half_life": 75.07855687734974,
    "hn_threshold_young": 13.666623592906273,
    "hn_score_cap": 386.79907673490106,
    "classifier_k_feat": 3,
    "classifier_neg_sample_weight": 0.9513144475570396
  },
  "final_metrics": {
    "mrr": 1.0,
    "mean_rank": 78.78378378378379,
    "median_rank": 57.0,
    "ndcg@10": 0.3647442587311445,
    "recall@10": 0.08108108108108109,
    "precision@10": 0.3,
    "map@10": 0.16666666666666666,
    "hit@10": 1.0,
    "ndcg@20": 0.415650376684069,
    "recall@20": 0.21621621621621623,
    "precision@20": 0.4,
    "map@20": 0.18390894236482472,
    "hit@20": 1.0,
    "ndcg@30": 0.34353840455997736,
    "recall@30": 0.24324324324324326,
    "precision@30": 0.3,
    "map@30": 0.13624232521291343,
    "hit@30": 1.0,
    "ndcg@50": 0.40414084367910347,
    "recall@50": 0.40540540540540543,
    "precision@50": 0.3,
    "map@50": 0.15834296920816876,
    "hit@50": 1.0
  },
  "n_trials": 300,
  "cv_folds": 5
}