{
  "best_score": 0.28406815185726414,
  "best_params": {
    "diversity_lambda": 0.28840464655535025,
    "neg_weight": 0.4466479568970417,
    "knn_k": 4,
    "adaptive_hn_min": 0.0017660515430759991,
    "freshness_boost": 0.08890194682934227,
    "freshness_half_life": 71.65340857025271,
    "knn_sigmoid_k": 6.248097456192108,
    "knn_maxsim_weight": 0.4671842477714002,
    "hn_threshold_young": 12.83790540127031,
    "hn_score_cap": 229.24584836255232,
    "classifier_k_feat": 3,
    "classifier_neg_sample_weight": 1.0700803080527552
  },
  "final_metrics": {
    "mrr": 1.0,
    "mean_rank": 83.02702702702703,
    "median_rank": 61.0,
    "ndcg@10": 0.6090726157997783,
    "recall@10": 0.16216216216216217,
    "precision@10": 0.6,
    "map@10": 0.3963095238095238,
    "hit@10": 1.0,
    "ndcg@20": 0.4588513616112975,
    "recall@20": 0.21621621621621623,
    "precision@20": 0.4,
    "map@20": 0.23759920634920634,
    "hit@20": 1.0,
    "ndcg@30": 0.44315844314764014,
    "recall@30": 0.32432432432432434,
    "precision@30": 0.4,
    "map@30": 0.20932472255935522,
    "hit@30": 1.0,
    "ndcg@50": 0.47511346590859765,
    "recall@50": 0.4594594594594595,
    "precision@50": 0.34,
    "map@50": 0.22172188821484867,
    "hit@50": 1.0
  },
  "n_trials": 250,
  "cv_folds": 5
}