{
  "best_score": 0.3720790736875438,
  "best_params": {
    "diversity_lambda": 0.5959328648600948,
    "neg_weight": 0.5577253264474218,
    "knn_k": 1,
    "adaptive_hn_min": 0.06359697904208989,
    "freshness_half_life": 75.2529371823947,
    "hn_threshold_young": 7.766270739843911,
    "hn_score_cap": 692.1631415355421,
    "classifier_k_feat": 7,
    "classifier_neg_sample_weight": 1.2034500579430618
  },
  "final_metrics": {
    "mrr": 0.5,
    "mean_rank": 95.72972972972973,
    "median_rank": 68.0,
    "ndcg@10": 0.2687374555268953,
    "recall@10": 0.08108108108108109,
    "precision@10": 0.3,
    "map@10": 0.10222222222222221,
    "hit@10": 1.0,
    "ndcg@20": 0.2807665185637748,
    "recall@20": 0.16216216216216217,
    "precision@20": 0.3,
    "map@20": 0.10111111111111111,
    "hit@20": 1.0,
    "ndcg@30": 0.30711843419650386,
    "recall@30": 0.2702702702702703,
    "precision@30": 0.3333333333333333,
    "map@30": 0.10972581696719627,
    "hit@30": 1.0,
    "ndcg@50": 0.3034829587448761,
    "recall@50": 0.32432432432432434,
    "precision@50": 0.24,
    "map@50": 0.1057599875204231,
    "hit@50": 1.0
  },
  "n_trials": 300,
  "cv_folds": 5
}