{
  "config": {
    "split": "5-fold-stratified",
    "random_state": 0,
    "n_feedback": 1645,
    "n_candidates": 3546,
    "n_folds": 5,
    "mmr_threshold": 0.85,
    "mmr_limit": 40,
    "relevance_grade": "up=1, neutral=0.5, down=0",
    "db_sha256": "ed22b3f04506822a"
  },
  "formulas": {
    "current": {
      "mean": {
        "mmr": {
          "ndcg_at_5": 1.0,
          "ndcg_at_10": 1.0,
          "ndcg_at_20": 0.9934270058864845,
          "ndcg_at_40": 0.9532589651263063,
          "hit_at_40": 0.11489361702127661,
          "mrr": 0.11227815024832852,
          "median_rank": 88.9
        },
        "raw": {
          "ndcg_at_5": 1.0,
          "ndcg_at_10": 1.0,
          "ndcg_at_20": 0.9934270058864845,
          "ndcg_at_40": 0.9532589651263063,
          "hit_at_40": 0.11489361702127661,
          "mrr": 0.11227815024832852,
          "median_rank": 88.9
        }
      },
      "std": {
        "mmr": {
          "ndcg_at_5": 0.0,
          "ndcg_at_10": 9.930136612989092e-17,
          "ndcg_at_20": 0.01314598822703078,
          "ndcg_at_40": 0.027253201321519503,
          "hit_at_40": 0.004032370565781642,
          "mrr": 0.003057927951746262,
          "median_rank": 3.4409301068170506
        },
        "raw": {
          "ndcg_at_5": 0.0,
          "ndcg_at_10": 9.930136612989092e-17,
          "ndcg_at_20": 0.01314598822703078,
          "ndcg_at_40": 0.027253201321519503,
          "hit_at_40": 0.004032370565781642,
          "mrr": 0.003057927951746262,
          "median_rank": 3.4409301068170506
        }
      },
      "per_fold": [
        {
          "mmr": {
            "ndcg_at_5": 1.0,
            "ndcg_at_10": 0.9999999999999998,
            "ndcg_at_20": 0.9999999999999999,
            "ndcg_at_40": 1.0000000000000002,
            "hit_at_40": 0.12158054711246201,
            "mrr": 0.1069635759734094,
            "median_rank": 87.5
          },
          "raw": {
            "ndcg_at_5": 1.0,
            "ndcg_at_10": 0.9999999999999998,
            "ndcg_at_20": 0.9999999999999999,
            "ndcg_at_40": 1.0000000000000002,
            "hit_at_40": 0.12158054711246201,
            "mrr": 0.1069635759734094,
            "median_rank": 87.5
          }
        },
        {
          "mmr": {
            "ndcg_at_5": 1.0,
            "ndcg_at_10": 1.0,
            "ndcg_at_20": 0.9999999999999998,
            "ndcg_at_40": 0.9451218185548027,
            "hit_at_40": 0.11246200607902736,
            "mrr": 0.11285891044658528,
            "median_rank": 85.5
          },
          "raw": {
            "ndcg_at_5": 1.0,
            "ndcg_at_10": 1.0,
            "ndcg_at_20": 0.9999999999999998,
            "ndcg_at_40": 0.9451218185548027,
            "hit_at_40": 0.11246200607902736,
            "mrr": 0.11285891044658528,
            "median_rank": 85.5
          }
        },
        {
          "mmr": {
            "ndcg_at_5": 1.0,
            "ndcg_at_10": 1.0,
            "ndcg_at_20": 0.9999999999999999,
            "ndcg_at_40": 0.9657604677097692,
            "hit_at_40": 0.11550151975683891,
            "mrr": 0.11118947953778065,
            "median_rank": 87.5
          },
          "raw": {
            "ndcg_at_5": 1.0,
            "ndcg_at_10": 1.0,
            "ndcg_at_20": 0.9999999999999999,
            "ndcg_at_40": 0.9657604677097692,
            "hit_at_40": 0.11550151975683891,
            "mrr": 0.11118947953778065,
            "median_rank": 87.5
          }
        },
        {
          "mmr": {
            "ndcg_at_5": 1.0,
            "ndcg_at_10": 1.0,
            "ndcg_at_20": 0.9671350294324229,
            "ndcg_at_40": 0.9271680502420098,
            "hit_at_40": 0.11550151975683891,
            "mrr": 0.11505380836151802,
            "median_rank": 95.5
          },
          "raw": {
            "ndcg_at_5": 1.0,
            "ndcg_at_10": 1.0,
            "ndcg_at_20": 0.9671350294324229,
            "ndcg_at_40": 0.9271680502420098,
            "hit_at_40": 0.11550151975683891,
            "mrr": 0.11505380836151802,
            "median_rank": 95.5
          }
        },
        {
          "mmr": {
            "ndcg_at_5": 1.0,
            "ndcg_at_10": 1.0,
            "ndcg_at_20": 0.9999999999999999,
            "ndcg_at_40": 0.9282444891249502,
            "hit_at_40": 0.1094224924012158,
            "mrr": 0.11532497692234932,
            "median_rank": 88.5
          },
          "raw": {
            "ndcg_at_5": 1.0,
            "ndcg_at_10": 1.0,
            "ndcg_at_20": 0.9999999999999999,
            "ndcg_at_40": 0.9282444891249502,
            "hit_at_40": 0.1094224924012158,
            "mrr": 0.11532497692234932,
            "median_rank": 88.5
          }
        }
      ]
    },
    "up_only": {
      "mean": {
        "mmr": {
          "ndcg_at_5": 1.0,
          "ndcg_at_10": 1.0,
          "ndcg_at_20": 0.9999999999999998,
          "ndcg_at_40": 0.9716754349485184,
          "hit_at_40": 0.11793313069908815,
          "mrr": 0.11028587666140051,
          "median_rank": 84.1
        },
        "raw": {
          "ndcg_at_5": 1.0,
          "ndcg_at_10": 1.0,
          "ndcg_at_20": 0.9999999999999998,
          "ndcg_at_40": 0.9716754349485184,
          "hit_at_40": 0.11793313069908815,
          "mrr": 0.11028587666140051,
          "median_rank": 84.1
        }
      },
      "std": {
        "mmr": {
          "ndcg_at_5": 0.0,
          "ndcg_at_10": 9.930136612989092e-17,
          "ndcg_at_20": 1.1102230246251565e-16,
          "ndcg_at_40": 0.026129720442407717,
          "hit_at_40": 0.004863221884498481,
          "mrr": 0.0032380977813013423,
          "median_rank": 1.3564659966250536
        },
        "raw": {
          "ndcg_at_5": 0.0,
          "ndcg_at_10": 9.930136612989092e-17,
          "ndcg_at_20": 1.1102230246251565e-16,
          "ndcg_at_40": 0.026129720442407717,
          "hit_at_40": 0.004863221884498481,
          "mrr": 0.0032380977813013423,
          "median_rank": 1.3564659966250536
        }
      },
      "per_fold": [
        {
          "mmr": {
            "ndcg_at_5": 1.0,
            "ndcg_at_10": 0.9999999999999998,
            "ndcg_at_20": 0.9999999999999999,
            "ndcg_at_40": 1.0000000000000002,
            "hit_at_40": 0.12158054711246201,
            "mrr": 0.1069635759734094,
            "median_rank": 86.0
          },
          "raw": {
            "ndcg_at_5": 1.0,
            "ndcg_at_10": 0.9999999999999998,
            "ndcg_at_20": 0.9999999999999999,
            "ndcg_at_40": 1.0000000000000002,
            "hit_at_40": 0.12158054711246201,
            "mrr": 0.1069635759734094,
            "median_rank": 86.0
          }
        },
        {
          "mmr": {
            "ndcg_at_5": 1.0,
            "ndcg_at_10": 1.0,
            "ndcg_at_20": 0.9999999999999999,
            "ndcg_at_40": 0.9639268081781225,
            "hit_at_40": 0.11550151975683891,
            "mrr": 0.11089367646323796,
            "median_rank": 82.0
          },
          "raw": {
            "ndcg_at_5": 1.0,
            "ndcg_at_10": 1.0,
            "ndcg_at_20": 0.9999999999999999,
            "ndcg_at_40": 0.9639268081781225,
            "hit_at_40": 0.11550151975683891,
            "mrr": 0.11089367646323796,
            "median_rank": 82.0
          }
        },
        {
          "mmr": {
            "ndcg_at_5": 1.0,
            "ndcg_at_10": 1.0,
            "ndcg_at_20": 0.9999999999999999,
            "ndcg_at_40": 1.0000000000000002,
            "hit_at_40": 0.12158054711246201,
            "mrr": 0.1069635759734094,
            "median_rank": 85.0
          },
          "raw": {
            "ndcg_at_5": 1.0,
            "ndcg_at_10": 1.0,
            "ndcg_at_20": 0.9999999999999999,
            "ndcg_at_40": 1.0000000000000002,
            "hit_at_40": 0.12158054711246201,
            "mrr": 0.1069635759734094,