{
  "config": {
    "split": "5-fold-stratified",
    "random_state": 0,
    "n_feedback": 1712,
    "n_candidates": 4150,
    "n_folds": 5,
    "mmr_threshold": 0.5,
    "mmr_limit": 40,
    "relevance_grade": "up=1, neutral=0.5, down=0",
    "db_sha256": "b8eee2bdeab7e9c6"
  },
  "formulas": {
    "current": {
      "mean": {
        "mmr": {
          "ndcg_at_5": 1.0,
          "ndcg_at_10": 1.0,
          "ndcg_at_20": 0.9999999999999998,
          "ndcg_at_40": 0.989639301371238,
          "hit_at_40": 0.11623957853818219,
          "map": 0.26128966027047695,
          "brier_up": 0.14517879984789772,
          "median_rank": 84.0
        },
        "raw": {
          "ndcg_at_5": 1.0,
          "ndcg_at_10": 1.0,
          "ndcg_at_20": 0.9999999999999998,
          "ndcg_at_40": 0.9964554854770477,
          "hit_at_40": 0.11682266891719092,
          "map": 0.7058399953467637,
          "brier_up": 0.14517879984789772,
          "median_rank": 84.0
        }
      },
      "std": {
        "mmr": {
          "ndcg_at_5": 0.0,
          "ndcg_at_10": 1.7199501139797033e-16,
          "ndcg_at_20": 8.599750569898517e-17,
          "ndcg_at_40": 0.01363031877190604,
          "hit_at_40": 0.0012753335550926513,
          "map": 0.005596365357248736,
          "brier_up": 0.00849766614378252,
          "median_rank": 2.949576240750525
        },
        "raw": {
          "ndcg_at_5": 0.0,
          "ndcg_at_10": 1.4043333874306804e-16,
          "ndcg_at_20": 9.930136612989092e-17,
          "ndcg_at_40": 0.0070890290459053595,
          "hit_at_40": 0.00016704957923947077,
          "map": 0.02557659786267093,
          "brier_up": 0.00849766614378252,
          "median_rank": 2.949576240750525
        }
      },
      "per_fold": [
        {
          "mmr": {
            "ndcg_at_5": 1.0,
            "ndcg_at_10": 1.0,
            "ndcg_at_20": 0.9999999999999998,
            "ndcg_at_40": 0.9662290927819834,
            "hit_at_40": 0.11370262390670553,
            "map": 0.25165562913907286,
            "brier_up": 0.14342157675323353,
            "median_rank": 86.0
          },
          "raw": {
            "ndcg_at_5": 1.0,
            "ndcg_at_10": 1.0,
            "ndcg_at_20": 0.9999999999999999,
            "ndcg_at_40": 1.0000000000000002,
            "hit_at_40": 0.11661807580174927,
            "map": 0.708022721611497,
            "brier_up": 0.14342157675323353,
            "median_rank": 86.0
          }
        },
        {
          "mmr": {
            "ndcg_at_5": 1.0,
            "ndcg_at_10": 1.0,
            "ndcg_at_20": 0.9999999999999999,
            "ndcg_at_40": 1.0000000000000002,
            "hit_at_40": 0.11661807580174927,
            "map": 0.26490066225165565,
            "brier_up": 0.14022819873428807,
            "median_rank": 87.0
          },
          "raw": {
            "ndcg_at_5": 1.0,
            "ndcg_at_10": 1.0,
            "ndcg_at_20": 0.9999999999999998,
            "ndcg_at_40": 1.0000000000000002,
            "hit_at_40": 0.11661807580174927,
            "map": 0.6994407525259819,
            "brier_up": 0.14022819873428807,
            "median_rank": 87.0
          }
        },
        {
          "mmr": {
            "ndcg_at_5": 1.0,
            "ndcg_at_10": 0.9999999999999998,
            "ndcg_at_20": 0.9999999999999998,
            "ndcg_at_40": 1.0000000000000002,
            "hit_at_40": 0.11695906432748537,
            "map": 0.26666666666666666,
            "brier_up": 0.13903936571139944,
            "median_rank": 81.5
          },
          "raw": {
            "ndcg_at_5": 1.0,
            "ndcg_at_10": 0.9999999999999998,
            "ndcg_at_20": 0.9999999999999999,
            "ndcg_at_40": 1.0000000000000002,
            "hit_at_40": 0.11695906432748537,
            "map": 0.7119374325170647,
            "brier_up": 0.13903936571139944,
            "median_rank": 81.5
          }
        },
        {
          "mmr": {
            "ndcg_at_5": 1.0,
            "ndcg_at_10": 0.9999999999999998,
            "ndcg_at_20": 0.9999999999999999,
            "ndcg_at_40": 0.9819674140742063,
            "hit_at_40": 0.11695906432748537,
            "map": 0.2583246810433343,
            "brier_up": 0.1412768130565656,
            "median_rank": 79.5
          },
          "raw": {
            "ndcg_at_5": 1.0,
            "ndcg_at_10": 1.0,
            "ndcg_at_20": 0.9999999999999999,
            "ndcg_at_40": 0.9822774273852368,
            "hit_at_40": 0.11695906432748537,
            "map": 0.7448128756495983,
            "brier_up": 0.1412768130565656,
            "median_rank": 79.5
          }
        },
        {
          "mmr": {
            "ndcg_at_5": 1.0,
            "ndcg_at_10": 0.9999999999999998,
            "ndcg_at_20": 0.9999999999999999,
            "ndcg_at_40": 1.0000000000000002,
            "hit_at_40": 0.11695906432748537,
            "map": 0.26490066225165565,
            "brier_up": 0.161928044984002,
            "median_rank": 86.0
          },
          "raw": {
            "ndcg_at_5": 1.0,
            "ndcg_at_10": 0.9999999999999998,
            "ndcg_at_20": 0.9999999999999999,
            "ndcg_at_40": 1.0000000000000002,
            "hit_at_40": 0.11695906432748537,
            "map": 0.6649861944296765,
            "brier_up": 0.161928044984002,
            "median_rank": 86.0
          }
        }
      ]
    },
    "up_only": {
      "mean": {
        "mmr": {
          "ndcg_at_5": 1.0,
          "ndcg_at_10": 1.0,
          "ndcg_at_20": 0.9999999999999998,
          "ndcg_at_40": 0.989639301371238,
          "hit_at_40": 0.11623957853818219,
          "map": 0.26128966027047695,
          "brier_up": 0.14517879984789772,
          "median_rank": 84.0
        },
        "raw": {
          "ndcg_at_5": 1.0,
          "ndcg_at_10": 1.0,
          "ndcg_at_20": 0.9999999999999998,
          "ndcg_at_40": 0.9964554854770477,
          "hit_at_40": 0.11682266891719092,
          "map": 0.7058399953467637,
          "brier_up": 0.14517879984789772,
          "median_rank": 84.0
        }
      },
      "std": {
        "mmr": {
          "ndcg_at_5": 0.0,
          "ndcg_at_10": 1.7199501139797033e-16,
          "ndcg_at_20": 8.599750569898517e-17,
          "ndcg_at_40": 0.01363031877190604,
          "hit_at_40": 0.0012753335550926513,
          "map": 0.005596365357248736,
          "brier_up": 0.00849766614378252,
          "median_rank": 2.949576240750525
        },
        "raw": {
          "ndcg_at_5": 0.0,
          "ndcg_at_10": 1.4043333874306804e-16,
          "ndcg_at_20": 9.930136612989092e-17,
          "ndcg_at_40": 0.0070890290459053595,
          "hit_at_40": 0.00016704957923947077,
          "map": 0.02557659786267093,
          "brier_up": 0.00849766614378252,
          "median_rank": 2.949576240750525
        }
      },
      "per_fold": [
        {
          "mmr": {
            "ndcg_at_5": 1.0,
            "ndcg_at_10": 1.0,
            "ndcg_at_20": 0.9999999999999998,
            "ndcg_at_40": 0.9662290927819834,
            "hit_at_40": 0.11370262390670553,
            "map": 0.25165562913907286,
            "brier_up": 0.14342157675323353,
            "median_rank": 86.0
          },
          "raw": {
            "ndcg_at_5": 1.0,
            "ndcg_at_10": 1.0,
            "ndcg_at_20": 0.9999999999999999,
            "ndcg_at_40": 1.0000000000000002,
            "hit_at_40": 0.11661807580174927,
            "map": 0.708022721611497,
            "brier_up": 0.14342157675323353,
            "median_rank": 86.0
          }
        },
        {
          "mmr": {
            "ndcg_at_5": 1.0,
            "ndcg_at_10": 1.0,
            "ndcg_at_20": 0.9999999999999999,
            "ndcg_at_40": 1.0000000000000002,
            "hit_at_40": 0.11661807580174927,
            "map": 0.26490066225165565,
            "brier_up": 0.14022819873428807,
            "median_rank": 87.0
          },