{
  "best_score": 0.3494761960745926,
  "best_params": {
    "diversity_lambda": 0.29041582828179524,
    "classifier_diversity_lambda": 0.5044656452490769,
    "neg_weight": 0.6063046525504405,
    "knn_k": 1,
    "adaptive_hn_min": 0.0209689559776075,
    "adaptive_hn_max": 0.050410800199719996,
    "freshness_boost": 0.04683668256840605,
    "freshness_half_life": 40.535644979663566,
    "knn_sigmoid_k": 3.159703639328223,
    "knn_maxsim_weight": 0.37853056467495744,
    "hn_threshold_young": 16.42830723431691,
    "hn_threshold_old": 44.45323554217038,
    "hn_score_cap": 1678.7417018361846,
    "classifier_k_feat": 1,
    "classifier_neg_sample_weight": 1.5814345399311647,
    "cluster_outlier_threshold": 0.7159793077157917,
    "cluster_count": 25,
    "cluster_spectral_neighbors": 12
  },
  "final_metrics": {
    "mrr": 0.3333333333333333,
    "mean_rank": 45.45945945945946,
    "median_rank": 36.0,
    "ndcg@10": 0.4892835987503298,
    "recall@10": 0.16216216216216217,
    "precision@10": 0.6,
    "map@10": 0.3088888888888889,
    "hit@10": 1.0,
    "ndcg@20": 0.5298836016235413,
    "recall@20": 0.32432432432432434,
    "precision@20": 0.6,
    "map@20": 0.34221374557674866,
    "hit@20": 1.0,
    "ndcg@30": 0.5227966181368507,
    "recall@30": 0.4594594594594595,
    "precision@30": 0.5666666666666667,
    "map@30": 0.325947939984045,
    "hit@30": 1.0,
    "ndcg@50": 0.5614216667033963,
    "recall@50": 0.6216216216216216,
    "precision@50": 0.46,
    "map@50": 0.347057032382307,
    "hit@50": 1.0
  },
  "n_trials": 1,
  "cv_folds": 3
}