{
  "best_score": 0.08910857938122727,
  "best_params": {
    "diversity_lambda": 0.28857230016136154,
    "neg_weight": 0.31589223754772994,
    "knn_k": 1,
    "adaptive_hn_min": 0.012313660593191366,
    "freshness_half_life": 49.99969415690247,
    "hn_threshold_young": 14.361879956041163,
    "hn_score_cap": 468.6993689910131,
    "classifier_k_feat": 4,
    "classifier_neg_sample_weight": 0.99900439600978
  },
  "final_metrics": {
    "mrr": 0.058823529411764705,
    "mean_rank": 190.97142857142856,
    "median_rank": 153.0,
    "ndcg@10": 0.0,
    "recall@10": 0.0,
    "precision@10": 0.0,
    "map@10": 0.0,
    "hit@10": 0.0,
    "ndcg@20": 0.03406297225598251,
    "recall@20": 0.02702702702702703,
    "precision@20": 0.05,
    "map@20": 0.0029411764705882353,
    "hit@20": 1.0,
    "ndcg@30": 0.0951044903650537,
    "recall@30": 0.10810810810810811,
    "precision@30": 0.13333333333333333,
    "map@30": 0.013346620699561877,
    "hit@30": 1.0,
    "ndcg@50": 0.09986805830270666,
    "recall@50": 0.13513513513513514,
    "precision@50": 0.1,
    "map@50": 0.013759304680020791,
    "hit@50": 1.0
  },
  "n_trials": 120,
  "cv_folds": 8
}