{
  "best_score": 0.10027518600830718,
  "best_params": {
    "diversity_lambda": 0.36850296021769324,
    "neg_weight": 0.3132470652457857,
    "knn_k": 1,
    "adaptive_hn_min": 0.0004884422858786698,
    "freshness_half_life": 45.087920691304106,
    "hn_threshold_young": 15.817943036636228,
    "hn_score_cap": 572.0838090500142,
    "classifier_k_feat": 5,
    "classifier_neg_sample_weight": 1.173596592583232
  },
  "final_metrics": {
    "mrr": 0.05,
    "mean_rank": 196.77142857142857,
    "median_rank": 164.0,
    "ndcg@10": 0.0,
    "recall@10": 0.0,
    "precision@10": 0.0,
    "map@10": 0.0,
    "hit@10": 0.0,
    "ndcg@20": 0.03233829114831982,
    "recall@20": 0.02702702702702703,
    "precision@20": 0.05,
    "map@20": 0.0025,
    "hit@20": 1.0,
    "ndcg@30": 0.07090147266136822,
    "recall@30": 0.08108108108108109,
    "precision@30": 0.1,
    "map@30": 0.008013493253373314,
    "hit@30": 1.0,
    "ndcg@50": 0.11402092845896962,
    "recall@50": 0.16216216216216217,
    "precision@50": 0.12,
    "map@50": 0.01583247629724391,
    "hit@50": 1.0
  },
  "n_trials": 120,
  "cv_folds": 5
}