{
  "best_score": 0.36539722515377643,
  "best_params": {
    "adaptive_hn_min": 0.013148529748199465,
    "hn_threshold_young": 10.778766439060957,
    "hn_score_cap": 481.78580700759727
  },
  "final_metrics": {
    "mrr": 0.5,
    "mean_rank": 80.21621621621621,
    "median_rank": 52.0,
    "ndcg@10": 0.5152880109744815,
    "recall@10": 0.16216216216216217,
    "precision@10": 0.6,
    "map@10": 0.3226984126984127,
    "hit@10": 1.0,
    "ndcg@20": 0.36806006724421314,
    "recall@20": 0.1891891891891892,
    "precision@20": 0.35,
    "map@20": 0.1846825396825397,
    "hit@20": 1.0,
    "ndcg@30": 0.3988935604425959,
    "recall@30": 0.32432432432432434,
    "precision@30": 0.4,
    "map@30": 0.18897190612707854,
    "hit@30": 1.0,
    "ndcg@50": 0.4549438782558448,
    "recall@50": 0.4864864864864865,
    "precision@50": 0.36,
    "map@50": 0.21867441802594376,
    "hit@50": 1.0
  },
  "n_trials": 200,
  "cv_folds": 5
}