{
  "best_score": 0.2693968956548074,
  "best_params": {
    "diversity_lambda": 0.5959328648600948,
    "neg_weight": 0.5577253264474218,
    "knn_k": 1,
    "adaptive_hn_min": 0.06359697904208989,
    "freshness_boost": 0.07740138763960089,
    "freshness_half_life": 75.2529371823947,
    "knn_sigmoid_k": 6.191638405098061,
    "knn_maxsim_weight": 0.5424835499795321,
    "hn_threshold_young": 7.766270739843911,
    "hn_score_cap": 692.1631415355421,
    "classifier_k_feat": 7,
    "classifier_neg_sample_weight": 1.2034500579430618
  },
  "final_metrics": {
    "mrr": 0.3333333333333333,
    "mean_rank": 92.27027027027027,
    "median_rank": 54.0,
    "ndcg@10": 0.42021722679557794,
    "recall@10": 0.13513513513513514,
    "precision@10": 0.5,
    "map@10": 0.24047619047619045,
    "hit@10": 1.0,
    "ndcg@20": 0.30755076542279125,
    "recall@20": 0.16216216216216217,
    "precision@20": 0.3,
    "map@20": 0.14166666666666666,
    "hit@20": 1.0,
    "ndcg@30": 0.3750118310323421,
    "recall@30": 0.32432432432432434,
    "precision@30": 0.4,
    "map@30": 0.16794223226382146,
    "hit@30": 1.0,
    "ndcg@50": 0.417055691334611,
    "recall@50": 0.4594594594594595,
    "precision@50": 0.34,
    "map@50": 0.19095486299697387,
    "hit@50": 1.0
  },
  "n_trials": 400,
  "cv_folds": 5
}