{
  "best_score": 0.4125362458086391,
  "best_params": {
    "adaptive_hn_min": 0.06213092508214485,
    "hn_threshold_young": 6.57401078581261,
    "hn_score_cap": 1543.7332980843478
  },
  "final_metrics": {
    "mrr": 0.5,
    "mean_rank": 80.75675675675676,
    "median_rank": 51.0,
    "ndcg@10": 0.3686580539482399,
    "recall@10": 0.10810810810810811,
    "precision@10": 0.4,
    "map@10": 0.18444444444444447,
    "hit@10": 1.0,
    "ndcg@20": 0.348647398508201,
    "recall@20": 0.1891891891891892,
    "precision@20": 0.35,
    "map@20": 0.15825306637806638,
    "hit@20": 1.0,
    "ndcg@30": 0.383623232273579,
    "recall@30": 0.32432432432432434,
    "precision@30": 0.4,
    "map@30": 0.1704623617123617,
    "hit@30": 1.0,
    "ndcg@50": 0.4419025533842865,
    "recall@50": 0.4864864864864865,
    "precision@50": 0.36,
    "map@50": 0.2042511959307625,
    "hit@50": 1.0
  },
  "n_trials": 250,
  "cv_folds": 5
}