{
  "comparison_source": "runs/benchmarks/quality_approach_validation_20260314.json",
  "count": 30,
  "current_branch": {
    "config": {
      "adaptive_hn_weight_max": 0.09,
      "adaptive_hn_weight_min": 0.06,
      "classifier_k_feat": 1,
      "classifier_neg_sample_weight": 1.67,
      "classifier_use_centroid_feature": true,
      "classifier_use_neg_knn_feature": false,
      "classifier_use_pos_knn_feature": true,
      "freshness_enabled": false,
      "knn": 3,
      "neg_weight": 0.5952,
      "positive_recency_enabled": false
    },
    "objective": 0.1418548877492741,
    "per_seed": [
      {
        "metrics": {
          "hit@10": 0.4,
          "hit@10_std": 0.48989794855663565,
          "hit@20": 1.0,
          "hit@20_std": 0.0,
          "hit@30": 1.0,
          "hit@30_std": 0.0,
          "map@10": 0.014000000000000002,
          "map@10_std": 0.018275666882497064,
          "map@20": 0.02702694115310214,
          "map@20_std": 0.016918690674850113,
          "map@30": 0.028685767197410755,
          "map@30_std": 0.012688622089946252,
          "mean_rank": 18.186666666666664,
          "mean_rank_std": 2.798221657489707,
          "median_rank": 19.6,
          "median_rank_std": 4.59782557302906,
          "mrr": 0.14409274935590727,
          "mrr_std": 0.08733625088243999,
          "ndcg@10": 0.050639503387610654,
          "ndcg@10_std": 0.06520198941843211,
          "ndcg@20": 0.11807801088975341,
          "ndcg@20_std": 0.05342411127928327,
          "ndcg@30": 0.13254782284215816,
          "ndcg@30_std": 0.04210936045641448,
          "precision@10": 0.06000000000000001,
          "precision@10_std": 0.08,
          "precision@20": 0.15,
          "precision@20_std": 0.07071067811865475,
          "precision@30": 0.15999999999999998,
          "precision@30_std": 0.048989794855663564,
          "recall@10": 0.01490757304710793,
          "recall@10_std": 0.020295334417347786,
          "recall@20": 0.0750149075730471,
          "recall@20_std": 0.035094643386961125,
          "recall@30": 0.12069171138938581,
          "recall@30_std": 0.037661805224351065
        },
        "seed": 0
      },
      {
        "metrics": {
          "hit@10": 0.8,
          "hit@10_std": 0.4000000000000001,
          "hit@20": 1.0,
          "hit@20_std": 0.0,
          "hit@30": 1.0,
          "hit@30_std": 0.0,
          "map@10": 0.03261111111111111,
          "map@10_std": 0.017775694322359828,
          "map@20": 0.028642069918385703,
          "map@20_std": 0.012417746833006652,
          "map@30": 0.029991699950423223,
          "map@30_std": 0.013636603171188456,
          "mean_rank": 17.72142857142857,
          "mean_rank_std": 3.772510667273703,
          "median_rank": 18.1,
          "median_rank_std": 5.868560300448484,
          "mrr": 0.255,
          "mrr_std": 0.15398412616601462,
          "ndcg@10": 0.10860058499645268,
          "ndcg@10_std": 0.05667449497422813,
          "ndcg@20": 0.12031638884237136,
          "ndcg@20_std": 0.03807511971223132,
          "ndcg@30": 0.13827067634022655,
          "ndcg@30_std": 0.041123536022371295,
          "precision@10": 0.12000000000000002,
          "precision@10_std": 0.07483314773547883,
          "precision@20": 0.13,
          "precision@20_std": 0.05099019513592785,
          "precision@30": 0.15333333333333335,
          "precision@30_std": 0.045215533220835116,
          "recall@10": 0.02981514609421586,
          "recall@10_std": 0.018239462837497642,
          "recall@20": 0.0652355396541443,
          "recall@20_std": 0.025740954339838456,
          "recall@30": 0.11556350626118068,
          "recall@30_std": 0.03440290627905722
        },
        "seed": 1
      },
      {
        "metrics": {
          "hit@10": 0.6,
          "hit@10_std": 0.48989794855663565,
          "hit@20": 1.0,
          "hit@20_std": 0.0,
          "hit@30": 1.0,
          "hit@30_std": 0.0,
          "map@10": 0.020333333333333335,
          "map@10_std": 0.02130206041156061,
          "map@20": 0.03362988984699511,
          "map@20_std": 0.02392845122571088,
          "map@30": 0.0327363795454842,
          "map@30_std": 0.01850891199331508,
          "mean_rank": 17.743333333333332,
          "mean_rank_std": 5.542578621704683,
          "median_rank": 18.5,
          "median_rank_std": 5.422176684690384,
          "mrr": 0.17583333333333334,
          "mrr_std": 0.16709112616905913,
          "ndcg@10": 0.07006254459759177,
          "ndcg@10_std": 0.06424973247643319,
          "ndcg@20": 0.1303868370039472,
          "ndcg@20_std": 0.06798218088365235,
          "ndcg@30": 0.1412379983387678,
          "ndcg@30_std": 0.04418709819805591,
          "precision@10": 0.08,
          "precision@10_std": 0.07483314773547883,
          "precision@20": 0.16,
          "precision@20_std": 0.08,
          "precision@30": 0.16666666666666666,
          "precision@30_std": 0.0557773351022717,
          "recall@10": 0.020512820512820513,
          "recall@10_std": 0.019187986598840724,
          "recall@20": 0.08157423971377459,
          "recall@20_std": 0.04168733213203436,
          "recall@30": 0.12581991651759092,
          "recall@30_std": 0.04317002533893064
        },
        "seed": 2
      },
      {
        "metrics": {
          "hit@10": 0.6,
          "hit@10_std": 0.48989794855663565,
          "hit@20": 1.0,
          "hit@20_std": 0.0,
          "hit@30": 1.0,
          "hit@30_std": 0.0,
          "map@10": 0.021904761904761906,
          "map@10_std": 0.029176140346743602,
          "map@20": 0.025160866910866907,
          "map@20_std": 0.020554402144844358,
          "map@30": 0.025540754307420976,
          "map@30_std": 0.019425641972310025,
          "mean_rank": 16.66,
          "mean_rank_std": 2.1229329816186953,
          "median_rank": 17.2,
          "median_rank_std": 2.541653005427767,
          "mrr": 0.19047619047619047,
          "mrr_std": 0.15936381457791915,
          "ndcg@10": 0.07279771141019,
          "ndcg@10_std": 0.07755133799737647,
          "ndcg@20": 0.11014224648879323,
          "ndcg@20_std": 0.06213820752143462,
          "ndcg@30": 0.11705651391917424,
          "ndcg@30_std": 0.06490295036387109,
          "precision@10": 0.08,
          "precision@10_std": 0.07483314773547883,
          "precision@20": 0.13,
          "precision@20_std": 0.06782329983125268,
          "precision@30": 0.13333333333333336,
          "precision@30_std": 0.06992058987801011,
          "recall@10": 0.02003577817531306,
          "recall@10_std": 0.01908392950524698,
          "recall@20": 0.0652355396541443,
          "recall@20_std": 0.034475592628186044,
          "recall@30": 0.09970184853905784,
          "recall@30_std": 0.051303402802258334
        },
        "seed": 3
      },
      {
        "metrics": {
          "hit@10": 0.6,
          "hit@10_std": 0.48989794855663565,
          "hit@20": 1.0,
          "hit@20_std": 0.0,
          "hit@30": 1.0,
          "hit@30_std": 0.0,
          "map@10": 0.04209523809523809,
          "map@10_std": 0.04720352037296483,
          "map@20": 0.033225669755081524,
          "map@20_std": 0.02840258768665085,
          "map@30": 0.03269039048411127,
          "map@30_std": 0.012731768763138123,
          "mean_rank": 17.5,
          "mean_rank_std": 4.821249261803879,
          "median_rank": 17.8,
          "median_rank_std": 6.329296959378664,
          "mrr": 0.33444444444444443,
          "mrr_std": 0.3469514499781998,
          "ndcg@10": 0.11240172225749226,
          "ndcg@10_std": 0.10970878111260235,
          "ndcg@20": 0.12201968969920798,
          "ndcg@20_std": 0.07741642021115462,
          "ndcg@30": 0.14479283297863355,
          "ndcg@30_std": 0.02598583797841419,
          "precision@10": 0.1,
          "precision@10_std": 0.0894427190999916,
          "precision@20": 0.12,
          "precision@20_std": 0.07483314773547882,
          "precision@30": 0.15333333333333332,