{
  "count": 30,
  "cv_folds": 5,
  "delta_current_minus_previous": {
    "hit@10": 0.0,
    "hit@20": 0.0,
    "hit@30": 0.0,
    "map@10": 0.0,
    "map@20": -0.001243048388946219,
    "map@30": 0.001068584556343493,
    "mean_rank": 0.4065079365079356,
    "median_rank": 0.6999999999999957,
    "mrr": -0.0002450980392156854,
    "ndcg@10": 0.0,
    "ndcg@20": -0.004467036037927599,
    "ndcg@30": 0.004123196543476232,
    "precision@10": 0.0,
    "precision@20": -0.006666666666666654,
    "precision@30": 0.006666666666666654,
    "recall@10": 0.0,
    "recall@20": -0.003259789306300928,
    "recall@30": 0.004969191015702673
  },
  "evaluation_mode": "final_list",
  "knn": 3,
  "neg_weight": 0.5952,
  "results": {
    "current_diversity": {
      "config": {
        "diversity_lambda": 0.18,
        "diversity_lambda_classifier": 0.2
      },
      "per_seed": [
        {
          "hit@10": 0.4,
          "hit@10_std": 0.48989794855663565,
          "hit@20": 1.0,
          "hit@20_std": 0.0,
          "hit@30": 1.0,
          "hit@30_std": 0.0,
          "map@10": 0.008444444444444444,
          "map@10_std": 0.012122828175098539,
          "map@20": 0.024858520263706017,
          "map@20_std": 0.015368930810858107,
          "map@30": 0.030398654565879858,
          "map@30_std": 0.009562358510981823,
          "mean_rank": 18.633333333333333,
          "mean_rank_std": 1.9246933377669404,
          "median_rank": 19.6,
          "median_rank_std": 2.973213749463701,
          "mrr": 0.0894993894993895,
          "mrr_std": 0.017759587629378955,
          "ndcg@10": 0.039225847021545954,
          "ndcg@10_std": 0.05208417303694257,
          "ndcg@20": 0.11720737785654356,
          "ndcg@20_std": 0.04383813629871534,
          "ndcg@30": 0.1414802690473525,
          "ndcg@30_std": 0.02428985465489613,
          "precision@10": 0.06000000000000001,
          "precision@10_std": 0.08,
          "precision@20": 0.15999999999999998,
          "precision@20_std": 0.058309518948453,
          "precision@30": 0.18,
          "precision@30_std": 0.026666666666666672,
          "recall@10": 0.015384615384615385,
          "recall@10_std": 0.020512820512820513,
          "recall@20": 0.08109719737626715,
          "recall@20_std": 0.030927376219176954,
          "recall@30": 0.1360763267740012,
          "recall@30_std": 0.02219144348167062
        },
        {
          "hit@10": 0.4,
          "hit@10_std": 0.48989794855663565,
          "hit@20": 0.8,
          "hit@20_std": 0.4000000000000001,
          "hit@30": 1.0,
          "hit@30_std": 0.0,
          "map@10": 0.01007936507936508,
          "map@10_std": 0.015224034518133565,
          "map@20": 0.021004492239786354,
          "map@20_std": 0.015611063670594635,
          "map@30": 0.02953166079656952,
          "map@30_std": 0.013286280627612662,
          "mean_rank": 20.173333333333336,
          "mean_rank_std": 3.3624761419211087,
          "median_rank": 19.6,
          "median_rank_std": 4.029888335921977,
          "mrr": 0.09668109668109669,
          "mrr_std": 0.031029564342200548,
          "ndcg@10": 0.04180987349810527,
          "ndcg@10_std": 0.05663876353913014,
          "ndcg@20": 0.09826885291670223,
          "ndcg@20_std": 0.058767088087148076,
          "ndcg@30": 0.1396964263206472,
          "ndcg@30_std": 0.03879833472639856,
          "precision@10": 0.06000000000000001,
          "precision@10_std": 0.08,
          "precision@20": 0.13000000000000003,
          "precision@20_std": 0.07483314773547883,
          "precision@30": 0.18000000000000002,
          "precision@30_std": 0.049888765156985884,
          "recall@10": 0.01490757304710793,
          "recall@10_std": 0.020295334417347783,
          "recall@20": 0.06475849731663685,
          "recall@20_std": 0.03674619689293633,
          "recall@30": 0.1351222420989863,
          "recall@30_std": 0.03526081921850928
        },
        {
          "hit@10": 0.4,
          "hit@10_std": 0.48989794855663565,
          "hit@20": 1.0,
          "hit@20_std": 0.0,
          "hit@30": 1.0,
          "hit@30_std": 0.0,
          "map@10": 0.0098015873015873,
          "map@10_std": 0.014203688675230359,
          "map@20": 0.025308749987542557,
          "map@20_std": 0.025034785361550047,
          "map@30": 0.032770312037683,
          "map@30_std": 0.014071047116660717,
          "mean_rank": 18.972857142857144,
          "mean_rank_std": 3.327303253203037,
          "median_rank": 18.8,
          "median_rank_std": 3.54400902933387,
          "mrr": 0.09500646412411118,
          "mrr_std": 0.032806799083643874,
          "ndcg@10": 0.04180987349810526,
          "ndcg@10_std": 0.0558096650014387,
          "ndcg@20": 0.11118065152250892,
          "ndcg@20_std": 0.06633431662896823,
          "ndcg@30": 0.1463683866305058,
          "ndcg@30_std": 0.033361284935390235,
          "precision@10": 0.06000000000000001,
          "precision@10_std": 0.08,
          "precision@20": 0.15,
          "precision@20_std": 0.08366600265340757,
          "precision@30": 0.18666666666666668,
          "precision@30_std": 0.04,
          "recall@10": 0.015384615384615385,
          "recall@10_std": 0.020512820512820513,
          "recall@20": 0.07596899224806201,
          "recall@20_std": 0.04351393659606521,
          "recall@30": 0.1402504472271914,
          "recall@30_std": 0.02741541188243356
        }
      ],
      "summary": {
        "hit@10": 0.4000000000000001,
        "hit@10_std": 0.48989794855663565,
        "hit@20": 0.9333333333333332,
        "hit@20_std": 0.13333333333333336,
        "hit@30": 1.0,
        "hit@30_std": 0.0,
        "map@10": 0.00944179894179894,
        "map@10_std": 0.013850183789487486,
        "map@20": 0.02372392083034498,
        "map@20_std": 0.01867159328100093,
        "map@30": 0.03090020913337746,
        "map@30_std": 0.012306562085085066,
        "mean_rank": 19.25984126984127,
        "mean_rank_std": 2.8714909109636952,
        "median_rank": 19.333333333333332,
        "median_rank_std": 3.515703704906516,
        "mrr": 0.0937289834348658,
        "mrr_std": 0.027198650351741127,
        "ndcg@10": 0.040948531339252164,
        "ndcg@10_std": 0.05484420052583713,
        "ndcg@20": 0.10888562743191825,
        "ndcg@20_std": 0.05631318033827721,
        "ndcg@30": 0.14251502733283516,
        "ndcg@30_std": 0.03214982477222831,
        "precision@10": 0.06000000000000002,
        "precision@10_std": 0.08,
        "precision@20": 0.14666666666666667,
        "precision@20_std": 0.0722695564457798,
        "precision@30": 0.1822222222222222,
        "precision@30_std": 0.03885181060788418,
        "recall@10": 0.0152256012721129,
        "recall@10_std": 0.020440325147662936,
        "recall@20": 0.07394156231365534,
        "recall@20_std": 0.037062503236059495,
        "recall@30": 0.13714967203339298,
        "recall@30_std": 0.028289224860871154
      }
    },
    "previous_diversity": {
      "config": {
        "diversity_lambda": 0.2688,
        "diversity_lambda_classifier": 0.3
      },
      "per_seed": [
        {
          "hit@10": 0.4,
          "hit@10_std": 0.48989794855663565,
          "hit@20": 1.0,
          "hit@20_std": 0.0,
          "hit@30": 1.0,
          "hit@30_std": 0.0,
          "map@10": 0.008444444444444444,
          "map@10_std": 0.012122828175098539,
          "map@20": 0.024734681254418096,
          "map@20_std": 0.015494540775395076,
          "map@30": 0.02958326262685531,
          "map@30_std": 0.01179183452878907,
          "mean_rank": 18.419999999999998,
          "mean_rank_std": 1.769193161993468,
          "median_rank": 18.7,
          "median_rank_std": 2.0149441679609885,
          "mrr": 0.0894993894993895,
          "mrr_std": 0.017759587629378955,
          "ndcg@10": 0.039225847021545954,
          "ndcg@10_std": 0.05208417303694257,
          "ndcg@20": 0.11696777751886248,
          "ndcg@20_std": 0.04409572229809393,