{
  "count": 30,
  "cv_folds": 5,
  "delta_current_minus_previous": {
    "hit@10": 0.0,
    "hit@20": 0.06666666666666676,
    "hit@30": 0.0,
    "map@10": -0.0010026455026455015,
    "map@20": 0.00044981091033722415,
    "map@30": -0.002479209671975572,
    "mean_rank": 0.09730158730158678,
    "median_rank": 0.06666666666666998,
    "mrr": 0.0016391328543031158,
    "ndcg@10": -0.003505225959426532,
    "ndcg@20": 0.00559350855803975,
    "ndcg@30": -0.007083368823714659,
    "precision@10": -0.006666666666666675,
    "precision@20": 0.009999999999999981,
    "precision@30": -0.008888888888888863,
    "recall@10": -0.0017094017094017103,
    "recall@20": 0.0049691910157026314,
    "recall@30": -0.0063605645000993916
  },
  "diversity_lambda": 0.18,
  "diversity_lambda_classifier": 0.2,
  "evaluation_mode": "final_list",
  "knn": 3,
  "neg_weight": 0.5952,
  "results": {
    "current_hn_weight": {
      "config": {
        "adaptive_hn_weight_max": 0.12,
        "adaptive_hn_weight_min": 0.08
      },
      "per_seed": [
        {
          "hit@10": 0.4,
          "hit@10_std": 0.48989794855663565,
          "hit@20": 1.0,
          "hit@20_std": 0.0,
          "hit@30": 1.0,
          "hit@30_std": 0.0,
          "map@10": 0.005079365079365079,
          "map@10_std": 0.006301407378183876,
          "map@20": 0.02308028078732413,
          "map@20_std": 0.008889589865710465,
          "map@30": 0.03130492710042726,
          "map@30_std": 0.011924071505308957,
          "mean_rank": 19.67142857142857,
          "mean_rank_std": 0.5195497789327942,
          "median_rank": 19.4,
          "median_rank_std": 2.083266665599966,
          "mrr": 0.09379731379731379,
          "mrr_std": 0.029078538215589925,
          "ndcg@10": 0.027923629110749814,
          "ndcg@10_std": 0.034273143648552315,
          "ndcg@20": 0.1166010410468461,
          "ndcg@20_std": 0.02814090103393083,
          "ndcg@30": 0.14483630215428694,
          "ndcg@30_std": 0.03647223439573983,
          "precision@10": 0.04,
          "precision@10_std": 0.04898979485566357,
          "precision@20": 0.16,
          "precision@20_std": 0.03741657386773942,
          "precision@30": 0.18666666666666668,
          "precision@30_std": 0.04521553322083512,
          "recall@10": 0.010256410256410256,
          "recall@10_std": 0.012561485860426554,
          "recall@20": 0.08062015503875969,
          "recall@20_std": 0.019774972909984884,
          "recall@30": 0.14072748956469888,
          "recall@30_std": 0.0344062135353103
        },
        {
          "hit@10": 0.4,
          "hit@10_std": 0.48989794855663565,
          "hit@20": 1.0,
          "hit@20_std": 0.0,
          "hit@30": 1.0,
          "hit@30_std": 0.0,
          "map@10": 0.010714285714285714,
          "map@10_std": 0.015319721849662299,
          "map@20": 0.022627997690304193,
          "map@20_std": 0.014166707334984732,
          "map@30": 0.029357752847966177,
          "map@30_std": 0.014163031705683381,
          "mean_rank": 20.416666666666668,
          "mean_rank_std": 3.2244896236975764,
          "median_rank": 20.6,
          "median_rank_std": 2.9393876913398134,
          "mrr": 0.09742063492063492,
          "mrr_std": 0.038208742943061993,
          "ndcg@10": 0.04323181322709947,
          "ndcg@10_std": 0.05731975200851467,
          "ndcg@20": 0.1100786147808468,
          "ndcg@20_std": 0.04940291149865674,
          "ndcg@30": 0.13892969259942914,
          "ndcg@30_std": 0.04017314643159839,
          "precision@10": 0.06000000000000001,
          "precision@10_std": 0.08,
          "precision@20": 0.15,
          "precision@20_std": 0.0632455532033676,
          "precision@30": 0.18,
          "precision@30_std": 0.0541602560309064,
          "recall@10": 0.01490757304710793,
          "recall@10_std": 0.020295334417347783,
          "recall@20": 0.0750149075730471,
          "recall@20_std": 0.031123128314622876,
          "recall@30": 0.13559928443649374,
          "recall@30_std": 0.04099269245899123
        },
        {
          "hit@10": 0.4,
          "hit@10_std": 0.48989794855663565,
          "hit@20": 1.0,
          "hit@20_std": 0.0,
          "hit@30": 1.0,
          "hit@30_std": 0.0,
          "map@10": 0.009523809523809523,
          "map@10_std": 0.014161719379806639,
          "map@20": 0.02681291674441829,
          "map@20_std": 0.024504853124051082,
          "map@30": 0.02460031843581222,
          "map@30_std": 0.011845235493184468,
          "mean_rank": 17.98333333333333,
          "mean_rank_std": 3.3268269834450033,
          "median_rank": 18.2,
          "median_rank_std": 2.803569153775237,
          "mrr": 0.09488640014955804,
          "mrr_std": 0.03062157176457667,
          "ndcg@10": 0.04117447380162762,
          "ndcg@10_std": 0.05550885015780345,
          "ndcg@20": 0.11675775214218109,
          "ndcg@20_std": 0.06674866187707032,
          "ndcg@30": 0.12252898077364541,
          "ndcg@30_std": 0.02710018938660775,
          "precision@10": 0.06000000000000001,
          "precision@10_std": 0.08,
          "precision@20": 0.15999999999999998,
          "precision@20_std": 0.08602325267042626,
          "precision@30": 0.15333333333333332,
          "precision@30_std": 0.026666666666666672,
          "recall@10": 0.015384615384615385,
          "recall@10_std": 0.020512820512820513,
          "recall@20": 0.08109719737626712,
          "recall@20_std": 0.04481564585365793,
          "recall@30": 0.11604054859868813,
          "recall@30_std": 0.022227306394221578
        }
      ],
      "summary": {
        "hit@10": 0.4000000000000001,
        "hit@10_std": 0.48989794855663565,
        "hit@20": 1.0,
        "hit@20_std": 0.0,
        "hit@30": 1.0,
        "hit@30_std": 0.0,
        "map@10": 0.008439153439153439,
        "map@10_std": 0.011927616202550938,
        "map@20": 0.024173731740682203,
        "map@20_std": 0.015853716774915427,
        "map@30": 0.028420999461401888,
        "map@30_std": 0.01264411290139227,
        "mean_rank": 19.357142857142858,
        "mean_rank_std": 2.3569554620251245,
        "median_rank": 19.400000000000002,
        "median_rank_std": 2.6087411702383387,
        "mrr": 0.09536811628916891,
        "mrr_std": 0.03263628430774287,
        "ndcg@10": 0.03744330537982563,
        "ndcg@10_std": 0.04903391527162348,
        "ndcg@20": 0.114479135989958,
        "ndcg@20_std": 0.04809749146988596,
        "ndcg@30": 0.1354316585091205,
        "ndcg@30_std": 0.03458185673798199,
        "precision@10": 0.053333333333333344,
        "precision@10_std": 0.06966326495188786,
        "precision@20": 0.15666666666666665,
        "precision@20_std": 0.062228459913844424,
        "precision@30": 0.17333333333333334,
        "precision@30_std": 0.04201415197280273,
        "recall@10": 0.01351619956271119,
        "recall@10_std": 0.017789880263531618,
        "recall@20": 0.07891075332935797,
        "recall@20_std": 0.031904582359421896,
        "recall@30": 0.1307891075332936,
        "recall@30_std": 0.03254207079617437
      }
    },
    "previous_hn_weight": {
      "config": {
        "adaptive_hn_weight_max": 0.0585,
        "adaptive_hn_weight_min": 0.0449
      },
      "per_seed": [
        {
          "hit@10": 0.4,
          "hit@10_std": 0.48989794855663565,
          "hit@20": 1.0,
          "hit@20_std": 0.0,
          "hit@30": 1.0,
          "hit@30_std": 0.0,
          "map@10": 0.008444444444444444,
          "map@10_std": 0.012122828175098539,
          "map@20": 0.024858520263706017,
          "map@20_std": 0.015368930810858107,
          "map@30": 0.030398654565879858,
          "map@30_std": 0.009562358510981823,
          "mean_rank": 18.633333333333333,
          "mean_rank_std": 1.9246933377669404,
          "median_rank": 19.6,
          "median_rank_std": 2.973213749463701,
          "mrr": 0.0894993894993895,
          "mrr_std": 0.017759587629378955,