{
  "cv_folds": 5,
  "delta_current_minus_previous": {
    "hit@10": -0.13333333333333336,
    "hit@20": 0.0,
    "hit@30": 0.0,
    "hit@50": 0.0,
    "map@10": 0.00011111111111111217,
    "map@20": 0.0016933805358727953,
    "map@30": 0.001669871142077381,
    "map@50": 0.004507809109973691,
    "mean_rank": -5.224567680381639,
    "median_rank": -4.866666666666674,
    "mrr": -0.0042673992673992606,
    "ndcg@10": -0.0039933484326408406,
    "ndcg@20": 0.00622909050924271,
    "ndcg@30": 0.004610801591874797,
    "ndcg@50": 0.011348763886541768,
    "precision@10": -0.006666666666666661,
    "precision@20": 0.009999999999999953,
    "precision@30": 0.006666666666666654,
    "precision@50": 0.013333333333333364,
    "recall@10": -0.0017094017094017085,
    "recall@20": 0.0049691910157026314,
    "recall@30": 0.004969191015702673,
    "recall@50": 0.016457960644007175
  },
  "knn": 3,
  "neg_weight": 0.5952,
  "results": {
    "current_diversity": {
      "config": {
        "diversity_lambda": 0.18,
        "diversity_lambda_classifier": 0.2
      },
      "per_seed": [
        {
          "hit@10": 0.4,
          "hit@10_std": 0.48989794855663565,
          "hit@20": 1.0,
          "hit@20_std": 0.0,
          "hit@30": 1.0,
          "hit@30_std": 0.0,
          "hit@50": 1.0,
          "hit@50_std": 0.0,
          "map@10": 0.005,
          "map@10_std": 0.006123724356957946,
          "map@20": 0.02565882273041716,
          "map@20_std": 0.015097323680824549,
          "map@30": 0.030517584610241767,
          "map@30_std": 0.009735956861263967,
          "map@50": 0.049378973288257494,
          "map@50_std": 0.019227534402835908,
          "mean_rank": 109.05235539654146,
          "mean_rank_std": 13.359419862732777,
          "median_rank": 102.2,
          "median_rank_std": 17.98221343439122,
          "mrr": 0.09121794871794872,
          "mrr_std": 0.02797957600181405,
          "ndcg@10": 0.027772488774710908,
          "ndcg@10_std": 0.03401421319260766,
          "ndcg@20": 0.12196196859205906,
          "ndcg@20_std": 0.04620027314313629,
          "ndcg@30": 0.14114541347648138,
          "ndcg@30_std": 0.025567429780091872,
          "ndcg@50": 0.20077312962498867,
          "ndcg@50_std": 0.0445082766295595,
          "precision@10": 0.04,
          "precision@10_std": 0.04898979485566357,
          "precision@20": 0.16999999999999998,
          "precision@20_std": 0.060000000000000005,
          "precision@30": 0.18,
          "precision@30_std": 0.026666666666666672,
          "precision@50": 0.20800000000000002,
          "precision@50_std": 0.0448998886412873,
          "recall@10": 0.010256410256410256,
          "recall@10_std": 0.012561485860426554,
          "recall@20": 0.08622540250447226,
          "recall@20_std": 0.0319199789994091,
          "recall@30": 0.1360763267740012,
          "recall@30_std": 0.02219144348167062,
          "recall@50": 0.2618962432915921,
          "recall@50_std": 0.05918185585657582
        },
        {
          "hit@10": 0.4,
          "hit@10_std": 0.48989794855663565,
          "hit@20": 1.0,
          "hit@20_std": 0.0,
          "hit@30": 1.0,
          "hit@30_std": 0.0,
          "hit@50": 1.0,
          "hit@50_std": 0.0,
          "map@10": 0.008222222222222223,
          "map@10_std": 0.012082024194727278,
          "map@20": 0.020222473561869847,
          "map@20_std": 0.010998735885704073,
          "map@30": 0.02941896957511882,
          "map@30_std": 0.013004614478274173,
          "map@50": 0.04830468202953743,
          "map@50_std": 0.01534006970880811,
          "mean_rank": 104.42635658914728,
          "mean_rank_std": 4.95884784178827,
          "median_rank": 96.6,
          "median_rank_std": 10.762899237658967,
          "mrr": 0.08344017094017095,
          "mrr_std": 0.01898537641174911,
          "ndcg@10": 0.038699159970458495,
          "ndcg@10_std": 0.05182084219870531,
          "ndcg@20": 0.10278812898766869,
          "ndcg@20_std": 0.0382023985078392,
          "ndcg@30": 0.13868825155469128,
          "ndcg@30_std": 0.03886327123141934,
          "ndcg@50": 0.19957003251467711,
          "ndcg@50_std": 0.03188006573743114,
          "precision@10": 0.06000000000000001,
          "precision@10_std": 0.08,
          "precision@20": 0.13999999999999999,
          "precision@20_std": 0.04898979485566356,
          "precision@30": 0.18000000000000002,
          "precision@30_std": 0.049888765156985884,
          "precision@50": 0.20800000000000002,
          "precision@50_std": 0.029933259094191537,
          "recall@10": 0.014430530709600476,
          "recall@10_std": 0.0188658031563842,
          "recall@20": 0.06988670244484198,
          "recall@20_std": 0.022984828539814626,
          "recall@30": 0.1351222420989863,
          "recall@30_std": 0.03526081921850928,
          "recall@50": 0.2618962432915921,
          "recall@50_std": 0.0407627024869802
        },
        {
          "hit@10": 0.6,
          "hit@10_std": 0.48989794855663565,
          "hit@20": 1.0,
          "hit@20_std": 0.0,
          "hit@30": 1.0,
          "hit@30_std": 0.0,
          "hit@50": 1.0,
          "hit@50_std": 0.0,
          "map@10": 0.011357142857142857,
          "map@10_std": 0.012544614260262271,
          "map@20": 0.018492406243567232,
          "map@20_std": 0.012941075189507217,
          "map@30": 0.030615909331176083,
          "map@30_std": 0.012845422234973978,
          "map@50": 0.044448032540153906,
          "map@50_std": 0.015022469738988761,
          "mean_rank": 109.28467501490759,
          "mean_rank_std": 6.668333126118534,
          "median_rank": 98.2,
          "median_rank_std": 11.478675881825394,
          "mrr": 0.10006715506715506,
          "mrr_std": 0.031526386299529675,
          "ndcg@10": 0.05400734408680814,
          "ndcg@10_std": 0.05108648363245964,
          "ndcg@20": 0.0975751712574346,
          "ndcg@20_std": 0.03611429861214951,
          "ndcg@30": 0.14431982025000192,
          "ndcg@30_std": 0.033466619934076784,
          "ndcg@50": 0.1902621238502235,
          "ndcg@50_std": 0.034955842313912786,
          "precision@10": 0.08,
          "precision@10_std": 0.07483314773547883,
          "precision@20": 0.13,
          "precision@20_std": 0.04,
          "precision@30": 0.18666666666666668,
          "precision@30_std": 0.04,
          "precision@50": 0.196,
          "precision@50_std": 0.0344093010681705,
          "recall@10": 0.02003577817531306,
          "recall@10_std": 0.01908392950524698,
          "recall@20": 0.06571258199165175,
          "recall@20_std": 0.021301956886598552,
          "recall@30": 0.1402504472271914,
          "recall@30_std": 0.02741541188243356,
          "recall@50": 0.24651162790697673,
          "recall@50_std": 0.044589106712430895
        }
      ],
      "summary": {
        "hit@10": 0.4666666666666666,
        "hit@10_std": 0.48989794855663565,
        "hit@20": 1.0,
        "hit@20_std": 0.0,
        "hit@30": 1.0,
        "hit@30_std": 0.0,
        "hit@50": 1.0,
        "hit@50_std": 0.0,
        "map@10": 0.008193121693121693,
        "map@10_std": 0.010250120937315832,
        "map@20": 0.021457900845284747,
        "map@20_std": 0.013012378252011946,
        "map@30": 0.030184154505512224,
        "map@30_std": 0.011861997858170705,
        "map@50": 0.047377229285982946,
        "map@50_std": 0.01653002461687759,
        "mean_rank": 107.58779566686543,
        "mean_rank_std": 8.328866943546528,
        "median_rank": 99.0,
        "median_rank_std": 13.407929517958527,
        "mrr": 0.09157509157509158,
        "mrr_std": 0.026163779571030943,
        "ndcg@10": 0.04015966427732585,
        "ndcg@10_std": 0.045640513007924204,
        "ndcg@20": 0.10744175627905411,
        "ndcg@20_std": 0.04017232342104166,
        "ndcg@30": 0.14138449509372486,
        "ndcg@30_std": 0.032632440315196,
        "ndcg@50": 0.19686842866329643,