{
  "best_score": 0.367615755577115,
  "best_params": {
    "diversity_lambda": 0.23874799951612122,
    "neg_weight": 0.36442012628259013,
    "knn_k": 1,
    "adaptive_hn_min": 0.006195878584366749,
    "freshness_half_life": 91.46936406435913,
    "hn_threshold_young": 9.952332044028365,
    "hn_score_cap": 1268.589581181932,
    "classifier_k_feat": 3,
    "classifier_neg_sample_weight": 1.4670738155567618
  },
  "final_metrics": {
    "mrr": 0.5,
    "mean_rank": 78.75675675675676,
    "median_rank": 56.0,
    "ndcg@10": 0.28088150105118154,
    "recall@10": 0.08108108108108109,
    "precision@10": 0.3,
    "map@10": 0.11333333333333333,
    "hit@10": 1.0,
    "ndcg@20": 0.32746511886963015,
    "recall@20": 0.1891891891891892,
    "precision@20": 0.35,
    "map@20": 0.13387626262626262,
    "hit@20": 1.0,
    "ndcg@30": 0.2988240492499825,
    "recall@30": 0.24324324324324326,
    "precision@30": 0.3,
    "map@30": 0.11306036556036556,
    "hit@30": 1.0,
    "ndcg@50": 0.3658950429701712,
    "recall@50": 0.40540540540540543,
    "precision@50": 0.3,
    "map@50": 0.14058793906142178,
    "hit@50": 1.0
  },
  "n_trials": 1,
  "cv_folds": 5
}