{
  "best_score": 0.5068585906294955,
  "best_params": {
    "diversity_lambda": 0.2740683133377939,
    "neg_weight": 0.3073702202960511,
    "knn_k": 1,
    "adaptive_hn_min": 0.009903375187982424,
    "freshness_half_life": 87.84493484072888,
    "hn_threshold_young": 8.120137663871363,
    "hn_score_cap": 991.8548553463995,
    "classifier_k_feat": 2,
    "classifier_neg_sample_weight": 1.3452196067157527
  },
  "final_metrics": {
    "mrr": 1.0,
    "mean_rank": 47.24324324324324,
    "median_rank": 36.0,
    "ndcg@10": 0.5360735436824436,
    "recall@10": 0.13513513513513514,
    "precision@10": 0.5,
    "map@10": 0.3196428571428571,
    "hit@10": 1.0,
    "ndcg@20": 0.4915867580249827,
    "recall@20": 0.24324324324324326,
    "precision@20": 0.45,
    "map@20": 0.2650886613386613,
    "hit@20": 1.0,
    "ndcg@30": 0.5159481703562534,
    "recall@30": 0.40540540540540543,
    "precision@30": 0.5,
    "map@30": 0.272720796195309,
    "hit@30": 1.0,
    "ndcg@50": 0.594045743126392,
    "recall@50": 0.6216216216216216,
    "precision@50": 0.46,
    "map@50": 0.3345680575070471,
    "hit@50": 1.0
  },
  "n_trials": 300,
  "cv_folds": 3
}