{
  "best_score": 0.3350346390393105,
  "best_params": {
    "diversity_lambda": 0.23966344181753652,
    "neg_weight": 0.552904783121021,
    "knn_k": 1,
    "adaptive_hn_min": 0.058540001603075514,
    "freshness_boost": 0.04113695700158558,
    "freshness_half_life": 66.01220913386439,
    "knn_sigmoid_k": 6.35212012013267,
    "knn_maxsim_weight": 0.2635706275365455,
    "hn_threshold_young": 5.837956984204296,
    "hn_score_cap": 1392.4125765114838,
    "classifier_k_feat": 5,
    "classifier_neg_sample_weight": 1.6984260758081444
  },
  "final_metrics": {
    "mrr": 0.25,
    "mean_rank": 80.56756756756756,
    "median_rank": 55.0,
    "ndcg@10": 0.31561692740233804,
    "recall@10": 0.10810810810810811,
    "precision@10": 0.4,
    "map@10": 0.14694444444444446,
    "hit@10": 1.0,
    "ndcg@20": 0.3818182008305224,
    "recall@20": 0.24324324324324326,
    "precision@20": 0.45,
    "map@20": 0.18792943425683364,
    "hit@20": 1.0,
    "ndcg@30": 0.38437107163097795,
    "recall@30": 0.35135135135135137,
    "precision@30": 0.43333333333333335,
    "map@30": 0.18200790122616747,
    "hit@30": 1.0,
    "ndcg@50": 0.38695467597262473,
    "recall@50": 0.43243243243243246,
    "precision@50": 0.32,
    "map@50": 0.17632207519670626,
    "hit@50": 1.0
  },
  "n_trials": 1000,
  "cv_folds": 5
}