{
  "best_score": 0.3149113176884664,
  "best_params": {
    "freshness_boost": 0.07089147926198931,
    "freshness_half_life": 78.31908600962036
  },
  "final_metrics": {
    "mrr": 1.0,
    "mean_rank": 79.02702702702703,
    "median_rank": 56.0,
    "ndcg@10": 0.6141069626790936,
    "recall@10": 0.16216216216216217,
    "precision@10": 0.6,
    "map@10": 0.4058333333333334,
    "hit@10": 1.0,
    "ndcg@20": 0.4645122462585775,
    "recall@20": 0.21621621621621623,
    "precision@20": 0.4,
    "map@20": 0.24701388888888887,
    "hit@20": 1.0,
    "ndcg@30": 0.47124968528951183,
    "recall@30": 0.35135135135135137,
    "precision@30": 0.43333333333333335,
    "map@30": 0.23342608788198493,
    "hit@30": 1.0,
    "ndcg@50": 0.48226462663544134,
    "recall@50": 0.4594594594594595,
    "precision@50": 0.34,
    "map@50": 0.2337744222947642,
    "hit@50": 1.0
  },
  "n_trials": 200,
  "cv_folds": 5
}