{
  "best_score": 0.25161011339630185,
  "best_params": {
    "diversity_lambda": 0.22334518139331144,
    "neg_weight": 0.3291692032197889,
    "knn_k": 3,
    "adaptive_hn_min": 0.0025667785321488177,
    "freshness_boost": 0.08167759394650949,
    "freshness_half_life": 76.28167607722916,
    "knn_sigmoid_k": 4.754336336402078,
    "knn_maxsim_weight": 0.6077467560527849,
    "hn_threshold_young": 13.079768464948396,
    "hn_score_cap": 461.8990161491721,
    "classifier_k_feat": 4,
    "classifier_neg_sample_weight": 1.1624988438050883
  },
  "final_metrics": {
    "mrr": 1.0,
    "mean_rank": 82.32432432432432,
    "median_rank": 58.0,
    "ndcg@10": 0.5926825204089028,
    "recall@10": 0.16216216216216217,
    "precision@10": 0.6,
    "map@10": 0.3763095238095238,
    "hit@10": 1.0,
    "ndcg@20": 0.4529172069193707,
    "recall@20": 0.21621621621621623,
    "precision@20": 0.4,
    "map@20": 0.23668417366946776,
    "hit@20": 1.0,
    "ndcg@30": 0.4377475413007867,
    "recall@30": 0.32432432432432434,
    "precision@30": 0.4,
    "map@30": 0.20720968405045484,
    "hit@30": 1.0,
    "ndcg@50": 0.4702836631552064,
    "recall@50": 0.4594594594594595,
    "precision@50": 0.34,
    "map@50": 0.21981395813090523,
    "hit@50": 1.0
  },
  "n_trials": 250,
  "cv_folds": 5
}