{
  "22f": {
    "mlp-relu": {
      "ndcg30": 0.5692327496886265,
      "mrr": 1.0,
      "mean_rank": 166.5,
      "p5": 1.0,
      "hit30": 1.0,
      "nonhn_std": 0.3213686453646175,
      "nonhn_05": 0.0
    },
    "mlp-sigmoid": {
      "ndcg30": 0.4630989595690188,
      "mrr": 1.0,
      "mean_rank": 176.22,
      "p5": 1.0,
      "hit30": 1.0,
      "nonhn_std": 0.3533034821932018,
      "nonhn_05": 0.0
    },
    "mlp-alpha": {
      "ndcg30": 0.5894228567779766,
      "mrr": 1.0,
      "mean_rank": 167.42,
      "p5": 1.0,
      "hit30": 1.0,
      "nonhn_std": 0.3273005982804418,
      "nonhn_05": 0.0
    },
    "svm-rbf": {
      "ndcg30": 0.7009013191733213,
      "mrr": 1.0,
      "mean_rank": 157.34,
      "p5": 1.0,
      "hit30": 1.0,
      "nonhn_std": 0.2958332516508618,
      "nonhn_05": 0.0
    }
  },
  "22f+raw": {
    "mlp-relu": {
      "ndcg30": 0.5748168783936665,
      "mrr": 1.0,
      "mean_rank": 124.42,
      "p5": 0.8,
      "hit30": 1.0,
      "nonhn_std": 0.35300614902073874,
      "nonhn_05": 0.0
    },
    "mlp-sigmoid": {
      "ndcg30": 0.5256314241801124,
      "mrr": 1.0,
      "mean_rank": 115.58,
      "p5": 0.8,
      "hit30": 1.0,
      "nonhn_std": 0.4166878635580983,
      "nonhn_05": 0.0
    },
    "mlp-alpha": {
      "ndcg30": 0.5971874478368754,
      "mrr": 1.0,
      "mean_rank": 124.0,
      "p5": 0.8,
      "hit30": 1.0,
      "nonhn_std": 0.3538668611073992,
      "nonhn_05": 0.0
    },
    "svm-rbf": {
      "ndcg30": 0.6809654196903813,
      "mrr": 1.0,
      "mean_rank": 118.5,
      "p5": 1.0,
      "hit30": 1.0,
      "nonhn_std": 0.3778233021648324,
      "nonhn_05": 0.0
    }
  },
  "16f": {
    "mlp-relu": {
      "ndcg30": 0.6462591602881065,
      "mrr": 1.0,
      "mean_rank": 166.76,
      "p5": 1.0,
      "hit30": 1.0,
      "nonhn_std": 0.3317500594600922,
      "nonhn_05": 0.0
    },
    "mlp-sigmoid": {
      "ndcg30": 0.6490106455291118,
      "mrr": 1.0,
      "mean_rank": 136.16,
      "p5": 1.0,
      "hit30": 1.0,
      "nonhn_std": 0.3700872416716407,
      "nonhn_05": 0.0
    },
    "mlp-alpha": {
      "ndcg30": 0.6495518614921683,
      "mrr": 1.0,
      "mean_rank": 162.14,
      "p5": 1.0,
      "hit30": 1.0,
      "nonhn_std": 0.33092250944572205,
      "nonhn_05": 0.0
    },
    "svm-rbf": {
      "ndcg30": 0.6263792957293499,
      "mrr": 1.0,
      "mean_rank": 150.94,
      "p5": 1.0,
      "hit30": 1.0,
      "nonhn_std": 0.26755171208800127,
      "nonhn_05": 0.0
    }
  },
  "16f+raw": {
    "mlp-relu": {
      "ndcg30": 0.6347143717957379,
      "mrr": 1.0,
      "mean_rank": 114.76,
      "p5": 0.6,
      "hit30": 1.0,
      "nonhn_std": 0.3533729082216414,
      "nonhn_05": 0.0
    },
    "mlp-sigmoid": {
      "ndcg30": 0.581863637653915,
      "mrr": 1.0,
      "mean_rank": 106.28,
      "p5": 0.8,
      "hit30": 1.0,
      "nonhn_std": 0.41106501746247626,
      "nonhn_05": 0.0
    },
    "mlp-alpha": {
      "ndcg30": 0.6351163089650345,
      "mrr": 1.0,
      "mean_rank": 113.98,
      "p5": 0.6,
      "hit30": 1.0,
      "nonhn_std": 0.35308225972806756,
      "nonhn_05": 0.0
    },
    "svm-rbf": {
      "ndcg30": 0.7371419898798821,
      "mrr": 1.0,
      "mean_rank": 116.58,
      "p5": 1.0,
      "hit30": 1.0,
      "nonhn_std": 0.3866227348463871,
      "nonhn_05": 0.0
    }
  }
}