{
  "best_score": 0.115706439906678,
  "best_params": {
    "diversity_lambda": 0.29041582828179524,
    "neg_weight": 0.6063046525504405,
    "knn_k": 1,
    "classifier_k_feat": 1,
    "classifier_neg_sample_weight": 1.5814345399311647
  },
  "final_metrics": {
    "mrr": 1.0,
    "mean_rank": 72.28205128205128,
    "median_rank": 68.0,
    "ndcg@10": 0.4341754806679218,
    "recall@10": 0.10256410256410256,
    "precision@10": 0.4,
    "map@10": 0.21527777777777776,
    "hit@10": 1.0,
    "ndcg@20": 0.42607799744036573,
    "recall@20": 0.20512820512820512,
    "precision@20": 0.4,
    "map@20": 0.19899864024864025,
    "hit@20": 1.0,
    "ndcg@30": 0.37267569627502894,
    "recall@30": 0.2564102564102564,
    "precision@30": 0.3333333333333333,
    "map@30": 0.1557768712768713,
    "hit@30": 1.0,
    "ndcg@50": 0.41787608894467504,
    "recall@50": 0.41025641025641024,
    "precision@50": 0.32,
    "map@50": 0.175036266293939,
    "hit@50": 1.0
  },
  "n_trials": 8,
  "cv_folds": 5,
  "std_penalty": 0.5,
  "completed_trial_count": 6,
  "top_trials_limit": 50,
  "top_trials": [
    {
      "number": 0,
      "value": 0.115706439906678,
      "params": {
        "diversity_lambda": 0.29041582828179524,
        "neg_weight": 0.6063046525504405,
        "knn_k": 1,
        "classifier_k_feat": 1,
        "classifier_neg_sample_weight": 1.5814345399311647
      },
      "cv_metrics": {
        "mrr": 0.14333333333333334,
        "mrr_std": 0.059254629448770586,
        "mean_rank": 113.85474060822898,
        "mean_rank_std": 17.59861483097368,
        "median_rank": 101.4,
        "median_rank_std": 11.976643937263894,
        "ndcg@10": 0.10308926780821825,
        "ndcg@10_std": 0.07177676301063385,
        "recall@10": 0.03446630888491353,
        "recall@10_std": 0.01765056648777579,
        "precision@10": 0.13999999999999999,
        "precision@10_std": 0.07999999999999999,
        "map@10": 0.029000000000000005,
        "map@10_std": 0.03476268753195651,
        "hit@10": 1.0,
        "hit@10_std": 0.0,
        "ndcg@30": 0.18414055109366645,
        "ndcg@30_std": 0.06804119937197954,
        "recall@30": 0.16493738819320217,
        "recall@30_std": 0.06039768586459667,
        "precision@30": 0.22000000000000003,
        "precision@30_std": 0.08326663997864532,
        "map@30": 0.05327630098945888,
        "map@30_std": 0.028445382737517087,
        "hit@30": 1.0,
        "hit@30_std": 0.0,
        "ndcg@50": 0.1962501687968779,
        "ndcg@50_std": 0.06739068187336006,
        "recall@50": 0.2306499701848539,
        "recall@50_std": 0.08729548921713721,
        "precision@50": 0.184,
        "precision@50_std": 0.06974238309665078,
        "map@50": 0.055633378977992656,
        "map@50_std": 0.026763337097254068,
        "hit@50": 1.0,
        "hit@50_std": 0.0
      }
    },
    {
      "number": 5,
      "value": 0.10727427309352329,
      "params": {
        "diversity_lambda": 0.33408537166448415,
        "neg_weight": 0.6008558680317492,
        "knn_k": 2,
        "classifier_k_feat": 2,
        "classifier_neg_sample_weight": 1.436693320367487
      },
      "cv_metrics": {
        "mrr": 0.12321428571428572,
        "mrr_std": 0.03113499245386195,
        "mean_rank": 113.67811568276684,
        "mean_rank_std": 7.529060347904186,
        "median_rank": 96.6,
        "median_rank_std": 14.10815367083872,
        "ndcg@10": 0.07062875528676182,
        "ndcg@10_std": 0.04337725256390019,
        "recall@10": 0.024686940966010734,
        "recall@10_std": 0.014754611801276008,
        "precision@10": 0.1,
        "precision@10_std": 0.0632455532033676,
        "map@10": 0.015071428571428572,
        "map@10_std": 0.010992576344691793,
        "hit@10": 0.8,
        "hit@10_std": 0.4,
        "ndcg@30": 0.15926242262554005,
        "ndcg@30_std": 0.026321415060785093,
        "recall@30": 0.15050685748360165,
        "recall@30_std": 0.019983177680650208,
        "precision@30": 0.2,
        "precision@30_std": 0.029814239699997202,
        "map@30": 0.03653986209156124,
        "map@30_std": 0.01124970154840851,
        "hit@30": 1.0,
        "hit@30_std": 0.0,
        "ndcg@50": 0.18232963941397426,
        "ndcg@50_std": 0.05309051188707621,
        "recall@50": 0.22647584973166368,
        "recall@50_std": 0.07120705844195042,
        "precision@50": 0.18,
        "precision@50_std": 0.055136195008360894,
        "map@50": 0.04412742960280691,
        "map@50_std": 0.022769580516511973,
        "hit@50": 1.0,
        "hit@50_std": 0.0
      }
    },
    {
      "number": 2,
      "value": 0.09371616907256114,
      "params": {
        "diversity_lambda": 0.3557892584525873,
        "neg_weight": 0.55789898080549,
        "knn_k": 2,
        "classifier_k_feat": 7,
        "classifier_neg_sample_weight": 1.684434330611119
      },
      "cv_metrics": {
        "mrr": 0.12044889892715979,
        "mrr_std": 0.0522461462303961,
        "mean_rank": 117.90220632081096,
        "mean_rank_std": 21.92532049513187,
        "median_rank": 107.0,
        "median_rank_std": 25.915246477701114,
        "ndcg@10": 0.058311809975342,
        "ndcg@10_std": 0.05259946768529004,
        "recall@10": 0.02003577817531306,
        "recall@10_std": 0.01908392950524698,
        "precision@10": 0.08,
        "precision@10_std": 0.07483314773547883,
        "map@10": 0.013357142857142856,
        "map@10_std": 0.012959119395630402,
        "hit@10": 0.6,
        "hit@10_std": 0.48989794855663565,
        "ndcg@30": 0.13899739953015494,
        "ndcg@30_std": 0.05226676127516469,
        "recall@30": 0.1304710793082886,
        "recall@30_std": 0.04886104832003811,
        "precision@30": 0.17333333333333334,
        "precision@30_std": 0.06463573143221772,
        "map@30": 0.03143124521125149,
        "map@30_std": 0.01808039490561261,
        "hit@30": 1.0,
        "hit@30_std": 0.0,
        "ndcg@50": 0.18650946781983155,
        "ndcg@50_std": 0.044174606035211325,
        "recall@50": 0.23577817531305906,
        "recall@50_std": 0.04967113857259598,
        "precision@50": 0.188,
        "precision@50_std": 0.041182520563948,
        "map@50": 0.04471013560547462,
        "map@50_std": 0.01960865172895937,
        "hit@50": 1.0,
        "hit@50_std": 0.0
      }
    },
    {
      "number": 4,
      "value": 0.0934967155364618,
      "params": {
        "diversity_lambda": 0.25166338020268086,
        "neg_weight": 0.5896612170976652,
        "knn_k": 1,
        "classifier_k_feat": 2,
        "classifier_neg_sample_weight": 1.41545944798153
      },
      "cv_metrics": {
        "mrr": 0.14600732600732597,
        "mrr_std": 0.09670873555578788,
        "mean_rank": 120.61097197376266,
        "mean_rank_std": 14.657001025653175,
        "median_rank": 104.8,
        "median_rank_std": 11.7881296226331,
        "ndcg@10": 0.07732974780022019,
        "ndcg@10_std": 0.07386547020895691,
        "recall@10": 0.02564102564102564,
        "recall@10_std": 0.022934030538459382,
        "precision@10": 0.1,
        "precision@10_std": 0.0894427190999916,
        "map@10": 0.02168253968253968,
        "map@10_std": 0.024142768437477275,
        "hit@10": 0.6,
        "hit@10_std": 0.48989794855663565,
        "ndcg@30": 0.12879650115335128,
        "ndcg@30_std": 0.041806807107213566,
        "recall@30": 0.11556350626118068,
        "recall@30_std": 0.034402906279057226,
        "precision@30": 0.15333333333333335,
        "precision@30_std": 0.045215533220835116,
        "map@30": 0.027217863161914352,
        "map@30_std": 0.015615096598052393,
        "hit@30": 1.0,
        "hit@30_std": 0.0,
        "ndcg@50": 0.17448551991413844,
        "ndcg@50_std": 0.0461102937922883,
        "recall@50": 0.2162194394752534,
        "recall@50_std": 0.052662157561524536,
        "precision@50": 0.172,
        "precision@50_std": 0.041182520563948,
        "map@50": 0.03893924959791074,
        "map@50_std": 0.017479880575763374,
        "hit@50": 1.0,