{
  "results": [
    {
      "config": {
        "classifier_k_feat": 5,
        "classifier_neg_sample_weight": 1.7,
        "diversity": 0.2397,
        "knn_k": 1,
        "name": "current",
        "neg_weight": 0.5529
      },
      "summary": {
        "hit@10": 0.5333333333333333,
        "hit@10_std": 0.48989794855663565,
        "hit@20": 1.0,
        "hit@20_std": 0.0,
        "hit@30": 1.0,
        "hit@30_std": 0.0,
        "hit@50": 1.0,
        "hit@50_std": 0.0,
        "map@10": 0.009542328042328041,
        "map@10_std": 0.009576853113895762,
        "map@20": 0.019525480883066024,
        "map@20_std": 0.015343942088310957,
        "map@30": 0.028764681112349894,
        "map@30_std": 0.01201719912735638,
        "map@50": 0.03875774814230167,
        "map@50_std": 0.01213145241847381,
        "mean_rank": 115.24651162790697,
        "mean_rank_std": 11.61654301173025,
        "median_rank": 104.93333333333334,
        "median_rank_std": 14.068546401971338,
        "mrr": 0.10159186129774367,
        "mrr_std": 0.033617624759442064,
        "ndcg@10": 0.045910575564248574,
        "ndcg@10_std": 0.04353471623751864,
        "ndcg@20": 0.09571118189842238,
        "ndcg@20_std": 0.051806104140293296,
        "ndcg@30": 0.1360728313517764,
        "ndcg@30_std": 0.03261757576248604,
        "ndcg@50": 0.1737022913836822,
        "ndcg@50_std": 0.028089586752423238,
        "precision@10": 0.06666666666666667,
        "precision@10_std": 0.062474102937106236,
        "precision@20": 0.12666666666666668,
        "precision@20_std": 0.06643601171830067,
        "precision@30": 0.17333333333333334,
        "precision@30_std": 0.03869929318991164,
        "precision@50": 0.17600000000000002,
        "precision@50_std": 0.027485398639008857,
        "recall@10": 0.01661697475650964,
        "recall@10_std": 0.01549564583840981,
        "recall@20": 0.06336712383224011,
        "recall@20_std": 0.03274897929888996,
        "recall@30": 0.13094812164579606,
        "recall@30_std": 0.03065431492685276,
        "recall@50": 0.22150665871596106,
        "recall@50_std": 0.03628595399980478
      }
    },
    {
      "config": {
        "classifier_k_feat": 1,
        "classifier_neg_sample_weight": 1.5814345399311647,
        "diversity": 0.29041582828179524,
        "knn_k": 1,
        "name": "trial0_kfeat1",
        "neg_weight": 0.6063046525504405
      },
      "summary": {
        "hit@10": 0.6666666666666666,
        "hit@10_std": 0.42996598285221194,
        "hit@20": 1.0,
        "hit@20_std": 0.0,
        "hit@30": 1.0,
        "hit@30_std": 0.0,
        "hit@50": 1.0,
        "hit@50_std": 0.0,
        "map@10": 0.018365079365079365,
        "map@10_std": 0.014862081172016239,
        "map@20": 0.03556675264879599,
        "map@20_std": 0.022915722400413896,
        "map@30": 0.03861598133731025,
        "map@30_std": 0.018769350309615792,
        "map@50": 0.04492393613296291,
        "map@50_std": 0.016099556633773045,
        "mean_rank": 113.72085072550188,
        "mean_rank_std": 13.562434126686782,
        "median_rank": 101.73333333333333,
        "median_rank_std": 18.54105911880224,
        "mrr": 0.13379169849758085,
        "mrr_std": 0.044511460252883106,
        "ndcg@10": 0.07364931483429081,
        "ndcg@10_std": 0.05399783470681541,
        "ndcg@20": 0.1397040556060601,
        "ndcg@20_std": 0.06040833058522407,
        "ndcg@30": 0.15815328107862428,
        "ndcg@30_std": 0.045544450587227336,
        "ndcg@50": 0.1845112629864878,
        "ndcg@50_std": 0.03399323044481614,
        "precision@10": 0.09999999999999999,
        "precision@10_std": 0.07441518440112253,
        "precision@20": 0.18000000000000002,
        "precision@20_std": 0.07516249927308882,
        "precision@30": 0.19333333333333333,
        "precision@30_std": 0.05121239409704653,
        "precision@50": 0.17866666666666667,
        "precision@50_std": 0.02862082637191139,
        "recall@10": 0.0250049691910157,
        "recall@10_std": 0.01831957988875051,
        "recall@20": 0.09071755118266746,
        "recall@20_std": 0.03812698107188298,
        "recall@30": 0.14601470880540648,
        "recall@30_std": 0.03997043944562127,
        "recall@50": 0.22492546213476447,
        "recall@50_std": 0.03801301275723255
      }
    }
  ],
  "seeds": [
    0,
    1,
    2
  ]
}