{
  "results": [
    {
      "config": {
        "classifier_k_feat": 1,
        "classifier_neg_sample_weight": 1.58,
        "diversity": 0.2904,
        "knn_k": 1,
        "name": "current",
        "neg_weight": 0.6063
      },
      "summary": {
        "hit@10": 0.6666666666666666,
        "hit@10_std": 0.42996598285221194,
        "hit@20": 1.0,
        "hit@20_std": 0.0,
        "hit@30": 1.0,
        "hit@30_std": 0.0,
        "hit@50": 1.0,
        "hit@50_std": 0.0,
        "map@10": 0.018365079365079365,
        "map@10_std": 0.014862081172016239,
        "map@20": 0.03556675264879599,
        "map@20_std": 0.022915722400413896,
        "map@30": 0.038636494157823074,
        "map@30_std": 0.018794718689350665,
        "map@50": 0.04493824740308813,
        "map@50_std": 0.016116248194095604,
        "mean_rank": 114.47036374478235,
        "mean_rank_std": 14.054367358865107,
        "median_rank": 102.06666666666666,
        "median_rank_std": 19.17209654656825,
        "mrr": 0.13379169849758085,
        "mrr_std": 0.044511460252883106,
        "ndcg@10": 0.07364931483429081,
        "ndcg@10_std": 0.05399783470681541,
        "ndcg@20": 0.1397040556060601,
        "ndcg@20_std": 0.06040833058522407,
        "ndcg@30": 0.15817100826410377,
        "ndcg@30_std": 0.04556521665532959,
        "ndcg@50": 0.18452521093273533,
        "ndcg@50_std": 0.03400879220544846,
        "precision@10": 0.09999999999999999,
        "precision@10_std": 0.07441518440112253,
        "precision@20": 0.18000000000000002,
        "precision@20_std": 0.07516249927308882,
        "precision@30": 0.19333333333333333,
        "precision@30_std": 0.05121239409704653,
        "precision@50": 0.17866666666666667,
        "precision@50_std": 0.02862082637191139,
        "recall@10": 0.0250049691910157,
        "recall@10_std": 0.01831957988875051,
        "recall@20": 0.09071755118266746,
        "recall@20_std": 0.03812698107188298,
        "recall@30": 0.14601470880540648,
        "recall@30_std": 0.03997043944562127,
        "recall@50": 0.22492546213476447,
        "recall@50_std": 0.03801301275723255
      }
    },
    {
      "config": {
        "classifier_k_feat": 1,
        "classifier_neg_sample_weight": 1.5850960251492345,
        "diversity": 0.2968848145239941,
        "knn_k": 2,
        "name": "trial20_longer",
        "neg_weight": 0.6190365760261662
      },
      "summary": {
        "hit@10": 0.6,
        "hit@10_std": 0.4599319657044238,
        "hit@20": 1.0,
        "hit@20_std": 0.0,
        "hit@30": 1.0,
        "hit@30_std": 0.0,
        "hit@50": 1.0,
        "hit@50_std": 0.0,
        "map@10": 0.01679365079365079,
        "map@10_std": 0.01520753526572891,
        "map@20": 0.03474875359705081,
        "map@20_std": 0.02076906226488653,
        "map@30": 0.03609217177586083,
        "map@30_std": 0.017767945334791122,
        "map@50": 0.04341599093037332,
        "map@50_std": 0.015011524417494648,
        "mean_rank": 115.01689524945338,
        "mean_rank_std": 14.509771651809253,
        "median_rank": 101.73333333333333,
        "median_rank_std": 17.969642619046347,
        "mrr": 0.12373471844060079,
        "mrr_std": 0.0497387931129524,
        "ndcg@10": 0.06771092698067722,
        "ndcg@10_std": 0.05666361575975085,
        "ndcg@20": 0.1399935876716942,
        "ndcg@20_std": 0.055968699789266614,
        "ndcg@30": 0.15077419057629846,
        "ndcg@30_std": 0.04570115575765487,
        "ndcg@50": 0.18168662821108128,
        "ndcg@50_std": 0.03248169466917484,
        "precision@10": 0.09333333333333334,
        "precision@10_std": 0.07827771591182628,
        "precision@20": 0.18333333333333335,
        "precision@20_std": 0.0675684564187402,
        "precision@30": 0.18444444444444444,
        "precision@30_std": 0.05073400631314461,
        "precision@50": 0.17733333333333334,
        "precision@50_std": 0.027531288217946082,
        "recall@10": 0.02329556748161399,
        "recall@10_std": 0.019309972583802754,
        "recall@20": 0.0921089246670642,
        "recall@20_std": 0.034362384117141716,
        "recall@30": 0.13933611608030214,
        "recall@30_std": 0.039966591265412056,
        "recall@50": 0.22321606042536277,
        "recall@50_std": 0.036972737083208335
      }
    }
  ],
  "seeds": [
    0,
    1,
    2
  ]
}