{
  "configs": [
    {
      "classifier_diversity_lambda": 0.3,
      "label": "current",
      "params": {
        "classifier_k_feat": 1,
        "classifier_neg_sample_weight": 1.67,
        "diversity_lambda": 0.2688,
        "knn_k": 3,
        "label": "current",
        "neg_weight": 0.5952
      },
      "per_seed": [
        {
          "metrics": {
            "hit@10": 0.8,
            "hit@10_std": 0.4000000000000001,
            "hit@20": 1.0,
            "hit@20_std": 0.0,
            "hit@30": 1.0,
            "hit@30_std": 0.0,
            "hit@50": 1.0,
            "hit@50_std": 0.0,
            "map@10": 0.05818253968253968,
            "map@10_std": 0.05371055655185114,
            "map@20": 0.0690676219205631,
            "map@20_std": 0.04190560510419258,
            "map@30": 0.08723379899463035,
            "map@30_std": 0.03527492829355551,
            "map@50": 0.11651139820088527,
            "map@50_std": 0.032563560573649,
            "mean_rank": 78.58330351818724,
            "mean_rank_std": 3.944285879829638,
            "median_rank": 65.4,
            "median_rank_std": 5.817215828899594,
            "mrr": 0.14079365079365078,
            "mrr_std": 0.04089450814192928,
            "ndcg@10": 0.15502718429072831,
            "ndcg@10_std": 0.11456022128128658,
            "ndcg@20": 0.20606020820798793,
            "ndcg@20_std": 0.0701149629414429,
            "ndcg@30": 0.25449434960665884,
            "ndcg@30_std": 0.05341742190565638,
            "ndcg@50": 0.31519431323965363,
            "ndcg@50_std": 0.04707723380537235,
            "precision@10": 0.22000000000000003,
            "precision@10_std": 0.16,
            "precision@20": 0.26,
            "precision@20_std": 0.08,
            "precision@30": 0.31333333333333335,
            "precision@30_std": 0.054160256030906406,
            "precision@50": 0.312,
            "precision@50_std": 0.0515363949069005,
            "recall@10": 0.05450208706022659,
            "recall@10_std": 0.0390067808644191,
            "recall@20": 0.1295169946332737,
            "recall@20_std": 0.034545244107776596,
            "recall@30": 0.2353011329755516,
            "recall@30_std": 0.033219157528283104,
            "recall@50": 0.3914132379248659,
            "recall@50_std": 0.060030381118832805
          },
          "seed": 0
        },
        {
          "metrics": {
            "hit@10": 0.8,
            "hit@10_std": 0.4,
            "hit@20": 1.0,
            "hit@20_std": 0.0,
            "hit@30": 1.0,
            "hit@30_std": 0.0,
            "hit@50": 1.0,
            "hit@50_std": 0.0,
            "map@10": 0.03801587301587302,
            "map@10_std": 0.03111046322616615,
            "map@20": 0.05858145651218407,
            "map@20_std": 0.025268840495653085,
            "map@30": 0.07743958079339916,
            "map@30_std": 0.025330206389983238,
            "map@50": 0.12433616019796805,
            "map@50_std": 0.02895097032337059,
            "mean_rank": 77.04281454979129,
            "mean_rank_std": 6.673720818639849,
            "median_rank": 65.0,
            "median_rank_std": 8.854377448471462,
            "mrr": 0.12063492063492062,
            "mrr_std": 0.03229680944345366,
            "ndcg@10": 0.12411231637504865,
            "ndcg@10_std": 0.08291742818449382,
            "ndcg@20": 0.18906268891731898,
            "ndcg@20_std": 0.0488823607087512,
            "ndcg@30": 0.23475191011506732,
            "ndcg@30_std": 0.03929085366122812,
            "ndcg@50": 0.33097759525372406,
            "ndcg@50_std": 0.04512734892457376,
            "precision@10": 0.18,
            "precision@10_std": 0.116619037896906,
            "precision@20": 0.24,
            "precision@20_std": 0.048989794855663564,
            "precision@30": 0.2866666666666667,
            "precision@30_std": 0.04521553322083511,
            "precision@50": 0.33199999999999996,
            "precision@50_std": 0.02993325909419152,
            "recall@10": 0.04615384615384615,
            "recall@10_std": 0.02990231740946308,
            "recall@20": 0.12164579606440071,
            "recall@20_std": 0.027775173052850828,
            "recall@30": 0.2162194394752534,
            "recall@30_std": 0.034574464114688355,
            "recall@50": 0.4189624329159213,
            "recall@50_std": 0.05041437049130284
          },
          "seed": 1
        },
        {
          "metrics": {
            "hit@10": 0.8,
            "hit@10_std": 0.4,
            "hit@20": 1.0,
            "hit@20_std": 0.0,
            "hit@30": 1.0,
            "hit@30_std": 0.0,
            "hit@50": 1.0,
            "hit@50_std": 0.0,
            "map@10": 0.04511904761904763,
            "map@10_std": 0.046147077741462615,
            "map@20": 0.08375490604167075,
            "map@20_std": 0.04671156942642828,
            "map@30": 0.0853420283404512,
            "map@30_std": 0.0349484838474609,
            "map@50": 0.1241744218268371,
            "map@50_std": 0.03655923360712142,
            "mean_rank": 75.91150864639236,
            "mean_rank_std": 3.818345525574437,
            "median_rank": 64.2,
            "median_rank_std": 5.946427498927402,
            "mrr": 0.14395604395604397,
            "mrr_std": 0.050415493791586406,
            "ndcg@10": 0.1311876917251658,
            "ndcg@10_std": 0.09915995049788567,
            "ndcg@20": 0.23836747550243623,
            "ndcg@20_std": 0.06846493274852199,
            "ndcg@30": 0.24781047379750132,
            "ndcg@30_std": 0.0521862463872515,
            "ndcg@50": 0.3276944263750747,
            "ndcg@50_std": 0.04494711929306406,
            "precision@10": 0.18000000000000002,
            "precision@10_std": 0.132664991614216,
            "precision@20": 0.31,
            "precision@20_std": 0.07348469228349534,
            "precision@30": 0.3,
            "precision@30_std": 0.04714045207910316,
            "precision@50": 0.324,
            "precision@50_std": 0.03440930106817051,
            "recall@10": 0.045199761478831244,
            "recall@10_std": 0.033926230136103526,
            "recall@20": 0.15611210494931424,
            "recall@20_std": 0.03849993230058627,
            "recall@30": 0.22647584973166368,
            "recall@30_std": 0.0372646866991047,
            "recall@50": 0.4072748956469886,
            "recall@50_std": 0.04331803165024045
          },
          "seed": 2
        }
      ],
      "summary": {
        "hit@10": 0.8000000000000002,
        "hit@10_std": 0.4000000000000001,
        "hit@20": 1.0,
        "hit@20_std": 0.0,
        "hit@30": 1.0,
        "hit@30_std": 0.0,
        "hit@50": 1.0,
        "hit@50_std": 0.0,
        "map@10": 0.047105820105820116,
        "map@10_std": 0.0436560325064933,
        "map@20": 0.07046799482480597,
        "map@20_std": 0.03796200500875798,
        "map@30": 0.08333846937616024,
        "map@30_std": 0.03185120617699989,
        "map@50": 0.12167399340856348,
        "map@50_std": 0.03269125483471367,
        "mean_rank": 77.1792089047903,
        "mean_rank_std": 4.812117408014641,
        "median_rank": 64.86666666666667,
        "median_rank_std": 6.872673592099486,
        "mrr": 0.13512820512820511,
        "mrr_std": 0.04120227045898978,
        "ndcg@10": 0.13677573079698094,
        "ndcg@10_std": 0.09887919998788869,
        "ndcg@20": 0.21116345754258103,
        "ndcg@20_std": 0.06248741879957203,
        "ndcg@30": 0.2456855778397425,
        "ndcg@30_std": 0.048298173984712,
        "ndcg@50": 0.32462211162281746,
        "ndcg@50_std": 0.045717234007670055,
        "precision@10": 0.19333333333333336,
        "precision@10_std": 0.13642800983704065,
        "precision@20": 0.27,
        "precision@20_std": 0.06749149571305298,
        "precision@30": 0.3,
        "precision@30_std": 0.048838747110281557,
        "precision@50": 0.32266666666666666,
        "precision@50_std": 0.03862631835642084,