{
  "results": [
    {
      "config": {
        "classifier_k_feat": 5,
        "classifier_neg_sample_weight": 1.7,
        "diversity": 0.2397,
        "knn_k": 1,
        "name": "current",
        "neg_weight": 0.5529
      },
      "summary": {
        "hit@10": 0.6,
        "hit@10_std": 0.48989794855663565,
        "hit@20": 0.9333333333333332,
        "hit@20_std": 0.13333333333333336,
        "hit@30": 1.0,
        "hit@30_std": 0.0,
        "hit@50": 1.0,
        "hit@50_std": 0.0,
        "map@10": 0.007322751322751322,
        "map@10_std": 0.006282364232160476,
        "map@20": 0.018610935776183453,
        "map@20_std": 0.012330499628017813,
        "map@30": 0.02826204382554894,
        "map@30_std": 0.013120751836193935,
        "map@50": 0.04028189729723026,
        "map@50_std": 0.016127599091841197,
        "mean_rank": 115.07577022460742,
        "mean_rank_std": 12.86143079776562,
        "median_rank": 105.0,
        "median_rank_std": 17.330313752035202,
        "mrr": 0.0985846560846561,
        "mrr_std": 0.03432019525631096,
        "ndcg@10": 0.041134648894055305,
        "ndcg@10_std": 0.03386303410763906,
        "ndcg@20": 0.09615485702564606,
        "ndcg@20_std": 0.044879776591132986,
        "ndcg@30": 0.13429253704243188,
        "ndcg@30_std": 0.03849241097615217,
        "ndcg@50": 0.17731302165593843,
        "ndcg@50_std": 0.03999686685700495,
        "precision@10": 0.06000000000000002,
        "precision@10_std": 0.048989794855663564,
        "precision@20": 0.13,
        "precision@20_std": 0.059776015054436867,
        "precision@30": 0.17333333333333334,
        "precision@30_std": 0.05112112733802527,
        "precision@50": 0.18266666666666667,
        "precision@50_std": 0.042791452149492946,
        "recall@10": 0.015066587159610415,
        "recall@10_std": 0.012322563896492162,
        "recall@20": 0.06539455376664678,
        "recall@20_std": 0.030084218894284944,
        "recall@30": 0.13078910753329356,
        "recall@30_std": 0.03987424611704599,
        "recall@50": 0.22909958258795468,
        "recall@50_std": 0.05198516604532424
      }
    },
    {
      "config": {
        "classifier_k_feat": 2,
        "classifier_neg_sample_weight": 1.436693320367487,
        "diversity": 0.33408537166448415,
        "knn_k": 2,
        "name": "trial5_valid",
        "neg_weight": 0.6008558680317492
      },
      "summary": {
        "hit@10": 0.39999999999999997,
        "hit@10_std": 0.4599319657044238,
        "hit@20": 1.0,
        "hit@20_std": 0.0,
        "hit@30": 1.0,
        "hit@30_std": 0.0,
        "hit@50": 1.0,
        "hit@50_std": 0.0,
        "map@10": 0.005478835978835979,
        "map@10_std": 0.006790342947476863,
        "map@20": 0.01950017742548702,
        "map@20_std": 0.0113221154366799,
        "map@30": 0.02565941207320335,
        "map@30_std": 0.013564338685727829,
        "map@50": 0.03885823444931855,
        "map@50_std": 0.015806654623267063,
        "mean_rank": 119.32017491552376,
        "mean_rank_std": 15.04165437375279,
        "median_rank": 109.26666666666667,
        "median_rank_std": 20.61401764142403,
        "mrr": 0.09812002812002812,
        "mrr_std": 0.03647014621444323,
        "ndcg@10": 0.028745146362030603,
        "ndcg@10_std": 0.033988174022710683,
        "ndcg@20": 0.10083661583227843,
        "ndcg@20_std": 0.037017617514951834,
        "ndcg@30": 0.12530921091730957,
        "ndcg@30_std": 0.041028647031525374,
        "ndcg@50": 0.17459372736719989,
        "ndcg@50_std": 0.038001378831094335,
        "precision@10": 0.04,
        "precision@10_std": 0.045993196570442374,
        "precision@20": 0.1366666666666667,
        "precision@20_std": 0.045620883433558634,
        "precision@30": 0.16,
        "precision@30_std": 0.054953127339722053,
        "precision@50": 0.18000000000000002,
        "precision@50_std": 0.04090365191837075,
        "recall@10": 0.009938382031405287,
        "recall@10_std": 0.01148682352784918,
        "recall@20": 0.06865434307294772,
        "recall@20_std": 0.022933304446343006,
        "recall@30": 0.12021466905187835,
        "recall@30_std": 0.04028994825727938,
        "recall@50": 0.22583979328165374,
        "recall@50_std": 0.04914005561950465
      }
    }
  ],
  "seeds": [
    0,
    1,
    2
  ]
}