{
  "results": [
    {
      "config": {
        "classifier_k_feat": 1,
        "classifier_neg_sample_weight": 1.58,
        "diversity": 0.2904,
        "knn_k": 1,
        "name": "current",
        "neg_weight": 0.6063
      },
      "summary": {
        "hit@10": 0.3333333333333333,
        "hit@10_std": 0.42996598285221194,
        "hit@20": 1.0,
        "hit@20_std": 0.0,
        "hit@30": 1.0,
        "hit@30_std": 0.0,
        "hit@50": 1.0,
        "hit@50_std": 0.0,
        "map@10": 0.005119047619047619,
        "map@10_std": 0.00787108839995069,
        "map@20": 0.021823825240233907,
        "map@20_std": 0.024180509651327148,
        "map@30": 0.023963846781365938,
        "map@30_std": 0.015366623788398794,
        "map@50": 0.038494506968024686,
        "map@50_std": 0.019397149424919102,
        "mean_rank": 123.36692506459947,
        "mean_rank_std": 21.251187872570856,
        "median_rank": 111.60000000000001,
        "median_rank_std": 28.12891229104309,
        "mrr": 0.08701347671935906,
        "mrr_std": 0.021747744258005765,
        "ndcg@10": 0.02648521978879628,
        "ndcg@10_std": 0.03791135550608609,
        "ndcg@20": 0.09546536578399077,
        "ndcg@20_std": 0.06415339562799087,
        "ndcg@30": 0.11641749807564554,
        "ndcg@30_std": 0.03993593738886608,
        "ndcg@50": 0.16936124782928288,
        "ndcg@50_std": 0.05024194397650037,
        "precision@10": 0.04,
        "precision@10_std": 0.05632993161855452,
        "precision@20": 0.13,
        "precision@20_std": 0.08550562229458623,
        "precision@30": 0.14888888888888888,
        "precision@30_std": 0.045096966199714615,
        "precision@50": 0.17466666666666666,
        "precision@50_std": 0.048933584922547436,
        "recall@10": 0.010097396143907771,
        "recall@10_std": 0.014324111227918579,
        "recall@20": 0.06587159610415425,
        "recall@20_std": 0.043877602198014516,
        "recall@30": 0.11325780162989464,
        "recall@30_std": 0.036685078219174,
        "recall@50": 0.2201152852315643,
        "recall@50_std": 0.06301210796733601
      }
    },
    {
      "config": {
        "classifier_k_feat": 1,
        "classifier_neg_sample_weight": 1.6686974667845162,
        "diversity": 0.26877745902795663,
        "knn_k": 3,
        "name": "trial68_longest",
        "neg_weight": 0.5951845765308604
      },
      "summary": {
        "hit@10": 0.39999999999999997,
        "hit@10_std": 0.4599319657044238,
        "hit@20": 0.8666666666666667,
        "hit@20_std": 0.26666666666666666,
        "hit@30": 1.0,
        "hit@30_std": 0.0,
        "hit@50": 1.0,
        "hit@50_std": 0.0,
        "map@10": 0.0062010582010582,
        "map@10_std": 0.008667059910997968,
        "map@20": 0.021997576411663097,
        "map@20_std": 0.024018720615175137,
        "map@30": 0.027786317852330666,
        "map@30_std": 0.016180235113593334,
        "map@50": 0.03897156918440755,
        "map@50_std": 0.020463307793478394,
        "mean_rank": 123.03748757702245,
        "mean_rank_std": 20.650910055586067,
        "median_rank": 108.13333333333333,
        "median_rank_std": 24.008566721750608,
        "mrr": 0.09143486143486142,
        "mrr_std": 0.025249854282224014,
        "ndcg@10": 0.0315154727306527,
        "ndcg@10_std": 0.040577587365633494,
        "ndcg@20": 0.09279776013473183,
        "ndcg@20_std": 0.06620715552982274,
        "ndcg@30": 0.1297555678825811,
        "ndcg@30_std": 0.0430433613860375,
        "ndcg@50": 0.16799822796527994,
        "ndcg@50_std": 0.053789082179329366,
        "precision@10": 0.04666666666666667,
        "precision@10_std": 0.05932652990377571,
        "precision@20": 0.12333333333333334,
        "precision@20_std": 0.08708012801545321,
        "precision@30": 0.16666666666666666,
        "precision@30_std": 0.05160785512422914,
        "precision@50": 0.17066666666666666,
        "precision@50_std": 0.05401476952073925,
        "recall@10": 0.011806797853309481,
        "recall@10_std": 0.015092469762590677,
        "recall@20": 0.06261180679785332,
        "recall@20_std": 0.04445157597807834,
        "recall@30": 0.1264559729676009,
        "recall@30_std": 0.039527926417964036,
        "recall@50": 0.21530510832836414,
        "recall@50_std": 0.06834158526250186
      }
    }
  ],
  "seeds": [
    0,
    1,
    2
  ]
}