{
  "best_score": 0.2651256791678415,
  "best_params": {
    "diversity_lambda": 0.33506917234053013,
    "neg_weight": 0.5226627512219516,
    "knn_k": 4,
    "adaptive_hn_min": 0.00011728167232892247,
    "freshness_boost": 0.10711861082238777,
    "freshness_half_life": 70.78139297415001,
    "knn_sigmoid_k": 6.736384957956068,
    "knn_maxsim_weight": 0.44910672795356216,
    "hn_threshold_young": 11.433299593611475,
    "hn_score_cap": 160.72916724298233,
    "classifier_k_feat": 4,
    "classifier_neg_sample_weight": 1.0711995687407656
  },
  "final_metrics": {
    "mrr": 1.0,
    "mean_rank": 79.54054054054055,
    "median_rank": 55.0,
    "ndcg@10": 0.6547216238913564,
    "recall@10": 0.16216216216216217,
    "precision@10": 0.6,
    "map@10": 0.4716666666666667,
    "hit@10": 1.0,
    "ndcg@20": 0.5251344321457551,
    "recall@20": 0.24324324324324326,
    "precision@20": 0.45,
    "map@20": 0.3066666666666667,
    "hit@20": 1.0,
    "ndcg@30": 0.47199661749976046,
    "recall@30": 0.32432432432432434,
    "precision@30": 0.4,
    "map@30": 0.24570668369518944,
    "hit@30": 1.0,
    "ndcg@50": 0.5017253033509268,
    "recall@50": 0.4594594594594595,
    "precision@50": 0.34,
    "map@50": 0.2546634743262532,
    "hit@50": 1.0
  },
  "n_trials": 400,
  "cv_folds": 5
}